      1,    0.10000000E+01   0.16196593E-08   0.26234903E-11   0.29165217E+01   0.10000000E+01  -0.16346207E-08  -0.26948497E-11   0.54412254E-01   0.00000000E+00   0.00000000E+00   0.00000000E+00
      2,    0.10000000E+01   0.25925685E+00   0.17078963E-07   0.14792486E+01   0.10000000E+01  -0.25925685E+00  -0.16951342E-07   0.54605273E-01   0.00000000E+00   0.00000000E+00   0.00000000E+00
      3,    0.10686160E+01   0.26928369E+00   0.34392617E-07   0.83930402E+00   0.74152774E+00  -0.26928371E+00  -0.34139607E-07   0.54785591E-01   0.00000000E+00   0.00000000E+00   0.00000000E+00
      4,    0.11086253E+01   0.24724699E+00   0.51936577E-07   0.55499270E+00   0.53155834E+00  -0.24724704E+00  -0.51560387E-07   0.54953211E-01   0.00000000E+00   0.00000000E+00   0.00000000E+00
      5,    0.11327236E+01   0.23093053E+00   0.69709954E-07   0.43400519E+00   0.39871903E+00  -0.23093059E+00  -0.69212819E-07   0.55108139E-01   0.00000000E+00   0.00000000E+00   0.00000000E+00
      6,    0.11397496E+01   0.21846031E+00   0.87711426E-07   0.36248084E+00   0.31915246E+00  -0.21846041E+00  -0.87095606E-07   0.55250384E-01   0.00000000E+00   0.00000000E+00   0.00000000E+00
      7,    0.11527224E+01   0.20411901E+00   0.10593959E-06   0.31537667E+00   0.26976370E+00  -0.20411917E+00  -0.10520737E-06   0.55379956E-01   0.00000000E+00   0.00000000E+00   0.00000000E+00
      8,    0.11539428E+01   0.19652851E+00   0.12439297E-06   0.28136091E+00   0.23663771E+00  -0.19652869E+00  -0.12354678E-06   0.55496872E-01   0.00000000E+00   0.00000000E+00   0.00000000E+00
      9,    0.11606662E+01   0.18670011E+00   0.14307005E-06   0.25473632E+00   0.21260380E+00  -0.18670036E+00  -0.14211646E-06   0.55601150E-01   0.00000000E+00   0.00000000E+00   0.00000000E+00
     10,    0.11598435E+01   0.18065177E+00   0.16196921E-06   0.23320368E+00   0.19409050E+00  -0.18065205E+00  -0.16091206E-06   0.55692809E-01   0.00000000E+00   0.00000000E+00   0.00000000E+00
     11,    0.11641512E+01   0.17290799E+00   0.18109299E-06   0.21580690E+00   0.17923479E+00  -0.17290835E+00  -0.17993209E-06   0.55771876E-01   0.00000000E+00   0.00000000E+00   0.00000000E+00
     12,    0.11642337E+01   0.16834746E+00   0.20043859E-06   0.20107547E+00   0.16697436E+00  -0.16834785E+00  -0.19917503E-06   0.55838375E-01   0.00000000E+00   0.00000000E+00   0.00000000E+00
     13,    0.11652155E+01   0.16266577E+00   0.22000292E-06   0.18831576E+00   0.15664543E+00  -0.16266619E+00  -0.21863936E-06   0.55891975E-01   0.00000000E+00   0.00000000E+00   0.00000000E+00
     14,    0.11662892E+01   0.15823310E+00   0.23978435E-06   0.17733131E+00   0.14780262E+00  -0.15823362E+00  -0.23832351E-06   0.55931992E-01   0.00000000E+00   0.00000000E+00   0.00000000E+00
     15,    0.11646616E+01   0.15404657E+00   0.25978124E-06   0.16770213E+00   0.14013191E+00  -0.15404713E+00  -0.25822850E-06   0.55959433E-01   0.00000000E+00   0.00000000E+00   0.00000000E+00
     16,    0.11665377E+01   0.14957232E+00   0.27999195E-06   0.15906428E+00   0.13340406E+00  -0.14957299E+00  -0.27835941E-06   0.55974342E-01   0.00000000E+00   0.00000000E+00   0.00000000E+00
     17,    0.11663926E+01   0.14644470E+00   0.30041814E-06   0.15138466E+00   0.12744726E+00  -0.14644541E+00  -0.29870767E-06   0.55976761E-01   0.00000000E+00   0.00000000E+00   0.00000000E+00
     18,    0.11654084E+01   0.14290530E+00   0.32106583E-06   0.14448189E+00   0.12212995E+00  -0.14290605E+00  -0.31927188E-06   0.55966739E-01   0.00000000E+00   0.00000000E+00   0.00000000E+00
     19,    0.11663574E+01   0.13958924E+00   0.34192490E-06   0.13815944E+00   0.11734956E+00  -0.13959013E+00  -0.34005069E-06   0.55944324E-01   0.00000000E+00   0.00000000E+00   0.00000000E+00
     20,    0.11659292E+01   0.13689574E+00   0.36299394E-06   0.13243274E+00   0.11302483E+00  -0.13689667E+00  -0.36104280E-06   0.55909571E-01   0.00000000E+00   0.00000000E+00   0.00000000E+00
     21,    0.11649573E+01   0.13395423E+00   0.38427161E-06   0.12718736E+00   0.10909047E+00  -0.13395521E+00  -0.38226343E-06   0.55861750E-01   0.00000000E+00   0.00000000E+00   0.00000000E+00
     22,    0.11655879E+01   0.13125334E+00   0.40575707E-06   0.12231712E+00   0.10549340E+00  -0.13125446E+00  -0.40370045E-06   0.55800222E-01   0.00000000E+00   0.00000000E+00   0.00000000E+00
     23,    0.11652303E+01   0.12897134E+00   0.42747064E-06   0.11785080E+00   0.10218996E+00  -0.12897252E+00  -0.42535031E-06   0.55726451E-01   0.00000000E+00   0.00000000E+00   0.00000000E+00
     24,    0.11639690E+01   0.12652555E+00   0.44939237E-06   0.11370217E+00   0.99143904E-01  -0.12652679E+00  -0.44721218E-06   0.55640504E-01   0.00000000E+00   0.00000000E+00   0.00000000E+00
     25,    0.11645107E+01   0.12415966E+00   0.47152141E-06   0.11283975E+00   0.96324840E-01  -0.12416105E+00  -0.46929190E-06   0.55542451E-01   0.00000000E+00   0.00000000E+00   0.00000000E+00
     26,    0.11643478E+01   0.12222955E+00   0.49385705E-06   0.11350049E+00   0.93707106E-01  -0.12223101E+00  -0.49160544E-06   0.55432361E-01   0.00000000E+00   0.00000000E+00   0.00000000E+00
     27,    0.11635020E+01   0.12018368E+00   0.51641430E-06   0.11418479E+00   0.91268859E-01  -0.12018520E+00  -0.51413296E-06   0.55308334E-01   0.00000000E+00   0.00000000E+00   0.00000000E+00
     28,    0.11632163E+01   0.11804802E+00   0.53919561E-06   0.11489318E+00   0.88991383E-01  -0.11804960E+00  -0.53687436E-06   0.55171662E-01   0.00000000E+00   0.00000000E+00   0.00000000E+00
     29,    0.11632769E+01   0.11636697E+00   0.56218623E-06   0.11562621E+00   0.86858539E-01  -0.11636873E+00  -0.55983501E-06   0.55023137E-01   0.00000000E+00   0.00000000E+00   0.00000000E+00
     30,    0.11628073E+01   0.11464239E+00   0.58538627E-06   0.11638446E+00   0.84856333E-01  -0.11464422E+00  -0.58304423E-06   0.54862842E-01   0.00000000E+00   0.00000000E+00   0.00000000E+00
     31,    0.11618431E+01   0.11284902E+00   0.60881536E-06   0.11716856E+00   0.82972563E-01  -0.11285092E+00  -0.60647258E-06   0.54690704E-01   0.00000000E+00   0.00000000E+00   0.00000000E+00
     32,    0.11620135E+01   0.11117488E+00   0.63248036E-06   0.11797916E+00   0.81196541E-01  -0.11117698E+00  -0.63012097E-06   0.54504145E-01   0.00000000E+00   0.00000000E+00   0.00000000E+00
     33,    0.11618671E+01   0.10970939E+00   0.65636111E-06   0.11881695E+00   0.79518858E-01  -0.10971156E+00  -0.65401106E-06   0.54306062E-01   0.00000000E+00   0.00000000E+00   0.00000000E+00
     34,    0.11613245E+01   0.10818951E+00   0.68045882E-06   0.11968266E+00   0.77931196E-01  -0.10819176E+00  -0.67815547E-06   0.54096552E-01   0.00000000E+00   0.00000000E+00   0.00000000E+00
     35,    0.11605642E+01   0.10662578E+00   0.70481734E-06   0.12057706E+00   0.76426174E-01  -0.10662811E+00  -0.70252937E-06   0.53875714E-01   0.00000000E+00   0.00000000E+00   0.00000000E+00
     36,    0.11606878E+01   0.10525223E+00   0.72941237E-06   0.12150094E+00   0.74997218E-01  -0.10525477E+00  -0.72713493E-06   0.53640756E-01   0.00000000E+00   0.00000000E+00   0.00000000E+00
     37,    0.11604893E+01   0.10395308E+00   0.75423523E-06   0.12245517E+00   0.73638448E-01  -0.10395570E+00  -0.75203608E-06   0.53394409E-01   0.00000000E+00   0.00000000E+00   0.00000000E+00
     38,    0.11599857E+01   0.10261750E+00   0.77931353E-06   0.12344063E+00   0.72344592E-01  -0.10262021E+00  -0.77718080E-06   0.53137051E-01   0.00000000E+00   0.00000000E+00   0.00000000E+00
     39,    0.11592905E+01   0.10125231E+00   0.80466955E-06   0.12445826E+00   0.71110906E-01  -0.10125510E+00  -0.80257179E-06   0.52183415E-01   0.00000000E+00   0.00000000E+00   0.00000000E+00
     40,    0.11593707E+01   0.10005803E+00   0.83026850E-06   0.12550907E+00   0.69933107E-01  -0.10006106E+00  -0.82827110E-06   0.50693268E-01   0.00000000E+00   0.00000000E+00   0.00000000E+00
     41,    0.11591981E+01   0.98908149E-01   0.85612988E-06   0.12659408E+00   0.68807322E-01  -0.98911272E-01  -0.85424670E-06   0.49262684E-01   0.00000000E+00   0.00000000E+00   0.00000000E+00
     42,    0.11587846E+01   0.97732727E-01   0.88230869E-06   0.12771440E+00   0.67730034E-01  -0.97735940E-01  -0.88048796E-06   0.47887732E-01   0.00000000E+00   0.00000000E+00   0.00000000E+00
     43,    0.11581419E+01   0.96536345E-01   0.90875038E-06   0.12887119E+00   0.66698045E-01  -0.96539647E-01  -0.90714248E-06   0.46564822E-01   0.00000000E+00   0.00000000E+00   0.00000000E+00
     44,    0.11581015E+01   0.95448242E-01   0.93547817E-06   0.13006566E+00   0.65708438E-01  -0.95451808E-01  -0.93480634E-06   0.45290675E-01   0.00000000E+00   0.00000000E+00   0.00000000E+00
     45,    0.11579921E+01   0.94428880E-01   0.96255872E-06   0.13129909E+00   0.64758549E-01  -0.94432543E-01  -0.96282104E-06   0.44062283E-01   0.00000000E+00   0.00000000E+00   0.00000000E+00
     46,    0.11576886E+01   0.93390942E-01   0.98992760E-06   0.13257284E+00   0.63845936E-01  -0.93394703E-01  -0.99128076E-06   0.42876884E-01   0.00000000E+00   0.00000000E+00   0.00000000E+00
     47,    0.11571995E+01   0.92337621E-01   0.10176277E-05   0.13388833E+00   0.62968359E-01  -0.92341481E-01  -0.10201095E-05   0.41731940E-01   0.00000000E+00   0.00000000E+00   0.00000000E+00
     48,    0.11568837E+01   0.91311503E-01   0.10457083E-05   0.13524705E+00   0.62123756E-01  -0.91315646E-01  -0.10493342E-05   0.40625108E-01   0.00000000E+00   0.00000000E+00   0.00000000E+00
     49,    0.11568528E+01   0.90405227E-01   0.10741088E-05   0.13665058E+00   0.61310230E-01  -0.90409476E-01  -0.10790473E-05   0.39554227E-01   0.00000000E+00   0.00000000E+00   0.00000000E+00
     50,    0.11566633E+01   0.89485071E-01   0.11029123E-05   0.13810059E+00   0.60526029E-01  -0.89489426E-01  -0.11091694E-05   0.38517298E-01   0.00000000E+00   0.00000000E+00   0.00000000E+00
     51,    0.11563211E+01   0.88553323E-01   0.11321129E-05   0.13959883E+00   0.59769531E-01  -0.88557784E-01  -0.11397561E-05   0.37512470E-01   0.00000000E+00   0.00000000E+00   0.00000000E+00
     52,    0.11558325E+01   0.87612103E-01   0.11616721E-05   0.14114716E+00   0.59039237E-01  -0.87616670E-01  -0.11708679E-05   0.36538025E-01   0.00000000E+00   0.00000000E+00   0.00000000E+00
     53,    0.11557603E+01   0.86754229E-01   0.11917378E-05   0.14274753E+00   0.58333754E-01  -0.86759108E-01  -0.12024363E-05   0.35592366E-01   0.00000000E+00   0.00000000E+00   0.00000000E+00
     54,    0.11556803E+01   0.85935259E-01   0.12222028E-05   0.14440199E+00   0.57651788E-01  -0.85940252E-01  -0.12345655E-05   0.34674010E-01   0.00000000E+00   0.00000000E+00   0.00000000E+00
     55,    0.11554733E+01   0.85107398E-01   0.12531348E-05   0.14611274E+00   0.56992138E-01  -0.85112506E-01  -0.12672476E-05   0.33781572E-01   0.00000000E+00   0.00000000E+00   0.00000000E+00
     56,    0.11551437E+01   0.84272211E-01   0.12845907E-05   0.14788206E+00   0.56353680E-01  -0.84277434E-01  -0.13004426E-05   0.32913765E-01   0.00000000E+00   0.00000000E+00   0.00000000E+00
     57,    0.11546979E+01   0.83431162E-01   0.13164912E-05   0.14971240E+00   0.55735370E-01  -0.83436500E-01  -0.13343265E-05   0.32069382E-01   0.00000000E+00   0.00000000E+00   0.00000000E+00
     58,    0.11547191E+01   0.82681493E-01   0.13490152E-05   0.15160633E+00   0.55136230E-01  -0.82687170E-01  -0.13687800E-05   0.31247298E-01   0.00000000E+00   0.00000000E+00   0.00000000E+00
     59,    0.11546335E+01   0.81943034E-01   0.13820464E-05   0.15356655E+00   0.54555345E-01  -0.81948834E-01  -0.14038730E-05   0.30446459E-01   0.00000000E+00   0.00000000E+00   0.00000000E+00
     60,    0.11544444E+01   0.81198871E-01   0.14156761E-05   0.15559597E+00   0.53991859E-01  -0.81204795E-01  -0.14396985E-05   0.29665877E-01   0.00000000E+00   0.00000000E+00   0.00000000E+00
     61,    0.11541553E+01   0.80450114E-01   0.14499491E-05   0.15769762E+00   0.53444970E-01  -0.80456161E-01  -0.14761576E-05   0.28904626E-01   0.00000000E+00   0.00000000E+00   0.00000000E+00
     62,    0.11537695E+01   0.79697800E-01   0.14847945E-05   0.15987475E+00   0.52913923E-01  -0.79703971E-01  -0.15134300E-05   0.28161837E-01   0.00000000E+00   0.00000000E+00   0.00000000E+00
     63,    0.11537880E+01   0.79017380E-01   0.15204323E-05   0.16213077E+00   0.52398011E-01  -0.79023917E-01  -0.15514468E-05   0.27436693E-01   0.00000000E+00   0.00000000E+00   0.00000000E+00
     64,    0.11537217E+01   0.78352032E-01   0.15566862E-05   0.16446933E+00   0.51896566E-01  -0.78358702E-01  -0.15902288E-05   0.26728425E-01   0.00000000E+00   0.00000000E+00   0.00000000E+00
     65,    0.11535699E+01   0.77683110E-01   0.15937533E-05   0.16689428E+00   0.51408961E-01  -0.77689912E-01  -0.16299477E-05   0.26036310E-01   0.00000000E+00   0.00000000E+00   0.00000000E+00
     66,    0.11533351E+01   0.77011417E-01   0.16315720E-05   0.16940973E+00   0.50934605E-01  -0.77018352E-01  -0.16704553E-05   0.25359666E-01   0.00000000E+00   0.00000000E+00   0.00000000E+00
     67,    0.11530200E+01   0.76337710E-01   0.16701947E-05   0.17202002E+00   0.50472938E-01  -0.76344777E-01  -0.17119527E-05   0.24697851E-01   0.00000000E+00   0.00000000E+00   0.00000000E+00
     68,    0.11529700E+01   0.75701335E-01   0.17097351E-05   0.17472980E+00   0.50023435E-01  -0.75708796E-01  -0.17543978E-05   0.24050259E-01   0.00000000E+00   0.00000000E+00   0.00000000E+00
     69,    0.11529367E+01   0.75102108E-01   0.17500666E-05   0.17754398E+00   0.49585595E-01  -0.75109711E-01  -0.17977809E-05   0.23416318E-01   0.00000000E+00   0.00000000E+00   0.00000000E+00
     70,    0.11528318E+01   0.74500784E-01   0.17915012E-05   0.18046782E+00   0.49158947E-01  -0.74508529E-01  -0.18423452E-05   0.22795486E-01   0.00000000E+00   0.00000000E+00   0.00000000E+00
     71,    0.11526573E+01   0.73897961E-01   0.18337969E-05   0.18350690E+00   0.48743045E-01  -0.73905848E-01  -0.18878959E-05   0.22187252E-01   0.00000000E+00   0.00000000E+00   0.00000000E+00
     72,    0.11524150E+01   0.73294203E-01   0.18772268E-05   0.18666718E+00   0.48337465E-01  -0.73302232E-01  -0.19346622E-05   0.21591132E-01   0.00000000E+00   0.00000000E+00   0.00000000E+00
     73,    0.11522571E+01   0.74272576E-01   0.19216966E-05   0.18995501E+00   0.47941805E-01  -0.74297888E-01  -0.19826289E-05   0.21006669E-01   0.00000000E+00   0.00000000E+00   0.00000000E+00
     74,    0.11522636E+01   0.76649794E-01   0.19673012E-05   0.19337718E+00   0.47555684E-01  -0.76675551E-01  -0.20317453E-05   0.20433428E-01   0.00000000E+00   0.00000000E+00   0.00000000E+00
     75,    0.11522095E+01   0.79125836E-01   0.20141632E-05   0.19694092E+00   0.47178740E-01  -0.79152100E-01  -0.20823561E-05   0.19870999E-01   0.00000000E+00   0.00000000E+00   0.00000000E+00
     76,    0.11520961E+01   0.81701587E-01   0.20621497E-05   0.20065397E+00   0.46810628E-01  -0.81728303E-01  -0.21342040E-05   0.19318991E-01   0.00000000E+00   0.00000000E+00   0.00000000E+00
     77,    0.11519252E+01   0.84390044E-01   0.21116434E-05   0.20452458E+00   0.46451020E-01  -0.84417278E-01  -0.21875300E-05   0.18777034E-01   0.00000000E+00   0.00000000E+00   0.00000000E+00
     78,    0.11516980E+01   0.87189263E-01   0.21623428E-05   0.20856162E+00   0.46099604E-01  -0.87216957E-01  -0.22423956E-05   0.18244778E-01   0.00000000E+00   0.00000000E+00   0.00000000E+00
     79,    0.11516863E+01   0.90121219E-01   0.22146248E-05   0.21277453E+00   0.45756082E-01  -0.90149446E-01  -0.22986744E-05   0.17721889E-01   0.00000000E+00   0.00000000E+00   0.00000000E+00
     80,    0.11516831E+01   0.93172992E-01   0.22686245E-05   0.21717343E+00   0.45420173E-01  -0.93201687E-01  -0.23568122E-05   0.17208050E-01   0.00000000E+00   0.00000000E+00   0.00000000E+00
     81,    0.11516292E+01   0.96385551E-01   0.23244565E-05   0.22176918E+00   0.45091603E-01  -0.96414791E-01  -0.24165379E-05   0.16702960E-01   0.00000000E+00   0.00000000E+00   0.00000000E+00
     82,    0.11515257E+01   0.99724281E-01   0.23818223E-05   0.22657339E+00   0.44770117E-01  -0.99754075E-01  -0.24780163E-05   0.16206333E-01   0.00000000E+00   0.00000000E+00   0.00000000E+00
     83,    0.11513738E+01   0.10326176E+00   0.24411531E-05   0.23159848E+00   0.44455466E-01  -0.10329203E+00  -0.25415187E-05   0.15717896E-01   0.00000000E+00   0.00000000E+00   0.00000000E+00
     84,    0.11511895E+01   0.10694921E+00   0.25021101E-05   0.23685778E+00   0.44147415E-01  -0.10698005E+00  -0.26068012E-05   0.15237391E-01   0.00000000E+00   0.00000000E+00   0.00000000E+00
     85,    0.11512354E+01   0.11084412E+00   0.25650824E-05   0.24236557E+00   0.43845738E-01  -0.11087545E+00  -0.26742625E-05   0.14764571E-01   0.00000000E+00   0.00000000E+00   0.00000000E+00
     86,    0.11512375E+01   0.11493989E+00   0.26300559E-05   0.24813711E+00   0.43550221E-01  -0.11497181E+00  -0.27438670E-05   0.14299200E-01   0.00000000E+00   0.00000000E+00   0.00000000E+00
     87,    0.11511966E+01   0.11924644E+00   0.26969273E-05   0.25418875E+00   0.43260655E-01  -0.11927886E+00  -0.28155107E-05   0.13841056E-01   0.00000000E+00   0.00000000E+00   0.00000000E+00
     88,    0.11511136E+01   0.12382371E+00   0.27663208E-05   0.26053797E+00   0.42976843E-01  -0.12385674E+00  -0.28898219E-05   0.13389925E-01   0.00000000E+00   0.00000000E+00   0.00000000E+00
     89,    0.11509894E+01   0.12863075E+00   0.28377797E-05   0.26720342E+00   0.42698595E-01  -0.12866439E+00  -0.29664198E-05   0.12945604E-01   0.00000000E+00   0.00000000E+00   0.00000000E+00
     90,    0.11508521E+01   0.13375669E+00   0.29117000E-05   0.27420501E+00   0.42425730E-01  -0.13379085E+00  -0.30454831E-05   0.12507900E-01   0.00000000E+00   0.00000000E+00   0.00000000E+00
     91,    0.11509058E+01   0.13918657E+00   0.29882490E-05   0.28156390E+00   0.42158073E-01  -0.13922138E+00  -0.31275264E-05   0.12076627E-01   0.00000000E+00   0.00000000E+00   0.00000000E+00
     92,    0.11509221E+01   0.14493188E+00   0.30671759E-05   0.28930254E+00   0.41895455E-01  -0.14496722E+00  -0.32121550E-05   0.11651611E-01   0.00000000E+00   0.00000000E+00   0.00000000E+00
     93,    0.11509014E+01   0.15111257E+00   0.31492396E-05   0.29744464E+00   0.41637717E-01  -0.15114857E+00  -0.32997865E-05   0.11232682E-01   0.00000000E+00   0.00000000E+00   0.00000000E+00
     94,    0.11508446E+01   0.15766622E+00   0.32340438E-05   0.30601515E+00   0.41384703E-01  -0.15770289E+00  -0.33906833E-05   0.10819682E-01   0.00000000E+00   0.00000000E+00   0.00000000E+00
     95,    0.11507524E+01   0.16468578E+00   0.33217941E-05   0.31504012E+00   0.41136265E-01  -0.16472301E+00  -0.34845572E-05   0.10412456E-01   0.00000000E+00   0.00000000E+00   0.00000000E+00
     96,    0.11506254E+01   0.17224832E+00   0.34131011E-05   0.32454652E+00   0.40892259E-01  -0.17228626E+00  -0.35820734E-05   0.10010860E-01   0.00000000E+00   0.00000000E+00   0.00000000E+00
     97,    0.11506900E+01   0.18031822E+00   0.35074575E-05   0.33456197E+00   0.40652549E-01  -0.18035687E+00  -0.36831873E-05   0.96147528E-02   0.00000000E+00   0.00000000E+00   0.00000000E+00
     98,    0.11507252E+01   0.18907503E+00   0.36055997E-05   0.34511429E+00   0.40417001E-01  -0.18911428E+00  -0.37877377E-05   0.92240030E-02   0.00000000E+00   0.00000000E+00   0.00000000E+00
     99,    0.11507285E+01   0.19853861E+00   0.37075145E-05   0.35623090E+00   0.40185489E-01  -0.19857861E+00  -0.38967205E-05   0.88384832E-02   0.00000000E+00   0.00000000E+00   0.00000000E+00
    100,    0.11507003E+01   0.20870913E+00   0.38129641E-05   0.36793797E+00   0.39957888E-01  -0.20874992E+00  -0.40096695E-05   0.84580722E-02   0.00000000E+00   0.00000000E+00   0.00000000E+00
    101,    0.11506414E+01   0.21992001E+00   0.39232903E-05   0.38025920E+00   0.39734082E-01  -0.21996144E+00  -0.41266988E-05   0.80826541E-02   0.00000000E+00   0.00000000E+00   0.00000000E+00
    102,    0.11505520E+01   0.23207806E+00   0.40375692E-05   0.39321426E+00   0.39513955E-01  -0.23212034E+00  -0.42489815E-05   0.77121185E-02   0.00000000E+00   0.00000000E+00   0.00000000E+00
    103,    0.11505760E+01   0.24532896E+00   0.41565456E-05   0.40681664E+00   0.39297397E-01  -0.24537191E+00  -0.43757027E-05   0.73463597E-02   0.00000000E+00   0.00000000E+00   0.00000000E+00
    104,    0.11506324E+01   0.26008020E+00   0.42807019E-05   0.42107085E+00   0.39084303E-01  -0.26012404E+00  -0.45075869E-05   0.69852768E-02   0.00000000E+00   0.00000000E+00   0.00000000E+00
    105,    0.11506608E+01   0.27618139E+00   0.44094656E-05   0.43596877E+00   0.38874570E-01  -0.27622616E+00  -0.46452483E-05   0.66287734E-02   0.00000000E+00   0.00000000E+00   0.00000000E+00
    106,    0.11506617E+01   0.29418733E+00   0.45445915E-05   0.45148505E+00   0.38668099E-01  -0.29423285E+00  -0.47880826E-05   0.62767575E-02   0.00000000E+00   0.00000000E+00   0.00000000E+00
    107,    0.11506354E+01   0.31424325E+00   0.46850306E-05   0.46757131E+00   0.38464793E-01  -0.31428977E+00  -0.49376663E-05   0.59291410E-02   0.00000000E+00   0.00000000E+00   0.00000000E+00
    108,    0.11505824E+01   0.33656654E+00   0.48318945E-05   0.48414915E+00   0.38264562E-01  -0.33661387E+00  -0.50934182E-05   0.55858398E-02   0.00000000E+00   0.00000000E+00   0.00000000E+00
    109,    0.11505502E+01   0.36209500E+00   0.49855451E-05   0.50110203E+00   0.38067316E-01  -0.36214342E+00  -0.52558699E-05   0.52467737E-02   0.00000000E+00   0.00000000E+00   0.00000000E+00
    110,    0.11506283E+01   0.39055486E+00   0.51458382E-05   0.51826646E+00   0.37872967E-01  -0.39060420E+00  -0.54262283E-05   0.49118658E-02   0.00000000E+00   0.00000000E+00   0.00000000E+00
    111,    0.11506816E+01   0.42387579E+00   0.53145384E-05   0.53542375E+00   0.37681434E-01  -0.42392631E+00  -0.56034254E-05   0.45810421E-02   0.00000000E+00   0.00000000E+00   0.00000000E+00
    112,    0.11507105E+01   0.46152931E+00   0.54904348E-05   0.55229488E+00   0.37492635E-01  -0.46158087E+00  -0.57904184E-05   0.25620129E-02   0.00000000E+00   0.00000000E+00   0.00000000E+00
    113,    0.11507152E+01   0.50601069E+00   0.56764146E-05   0.56854318E+00   0.37306493E-01  -0.50606348E+00  -0.59851215E-05  -0.93525948E-03   0.00000000E+00   0.00000000E+00   0.00000000E+00
    114,    0.11506962E+01   0.55798341E+00   0.58708079E-05   0.58379407E+00   0.37122931E-01  -0.55803729E+00  -0.61909100E-05  -0.57651097E-02   0.00000000E+00   0.00000000E+00   0.00000000E+00
    115,    0.11506536E+01   0.61769644E+00   0.60768054E-05   0.59768418E+00   0.36941877E-01  -0.61775139E+00  -0.64058126E-05  -0.13549755E-01   0.00000000E+00   0.00000000E+00   0.00000000E+00
    116,    0.11506980E+01   0.68711098E+00   0.62936520E-05   0.60995480E+00   0.36763259E-01  -0.68716621E+00  -0.66340505E-05  -0.29558768E-01   0.00000000E+00   0.00000000E+00   0.00000000E+00
    117,    0.11507748E+01   0.76682837E+00   0.65229927E-05   0.62059727E+00   0.36587010E-01  -0.76688331E+00  -0.68739977E-05  -0.66078184E-01   0.00000000E+00   0.00000000E+00   0.00000000E+00
    118,    0.11508298E+01   0.84791539E+00   0.67674697E-05   0.63002986E+00   0.36413063E-01  -0.84796845E+00  -0.71279586E-05  -0.14187385E+00   0.00000000E+00   0.00000000E+00   0.00000000E+00
    119,    0.11508631E+01   0.90374353E+00   0.70263048E-05   0.63922831E+00   0.36241353E-01  -0.90379152E+00  -0.73984659E-05  -0.29369386E+00   0.00000000E+00   0.00000000E+00   0.00000000E+00
    120,    0.11517703E+01   0.82602694E+00   0.73004917E-05   0.64965243E+00   0.21334103E-01  -0.82606260E+00  -0.76842040E-05  -0.58030553E+00   0.00000000E+00   0.00000000E+00   0.00000000E+00
    121,    0.11838950E+01   0.57843550E+00   0.75907628E-05   0.22165633E+02  -0.32919296E-04  -0.57848218E+00  -0.79860014E-05  -0.11620729E+01   0.00000000E+00   0.00000000E+00   0.00000000E+00
    122,    0.12131804E+01   0.50241731E+00   0.78946714E-05   0.15090272E+02  -0.52777552E-05  -0.50246210E+00  -0.83032894E-05  -0.98253437E+00   0.00000000E+00   0.00000000E+00   0.00000000E+00
    123,    0.12348425E+01   0.44849593E+00   0.82159966E-05   0.14003397E+02  -0.21103137E-05  -0.44853996E+00  -0.86378206E-05  -0.87442729E+00   0.00000000E+00   0.00000000E+00   0.00000000E+00
    124,    0.12490044E+01   0.40726064E+00   0.85620805E-05   0.13023949E+02  -0.95814163E-06  -0.40730448E+00  -0.89948993E-05  -0.79452427E+00   0.00000000E+00   0.00000000E+00   0.00000000E+00
    125,    0.12588963E+01   0.37379552E+00   0.89792155E-05   0.12129089E+02  -0.65357955E-06  -0.37383851E+00  -0.93978699E-05  -0.73191045E+00   0.00000000E+00   0.00000000E+00   0.00000000E+00
    126,    0.12668944E+01   0.34545298E+00   0.95437377E-05   0.11300203E+02  -0.51080555E-06  -0.34549657E+00  -0.99384547E-05  -0.68114561E+00   0.00000000E+00   0.00000000E+00   0.00000000E+00
    127,    0.12720185E+01   0.32073622E+00   0.10141273E-04   0.10519607E+02  -0.54480447E-06  -0.32078140E+00  -0.10555580E-04  -0.63883716E+00   0.00000000E+00   0.00000000E+00   0.00000000E+00
    128,    0.12760600E+01   0.29923863E+00   0.10746598E-04   0.97743285E+01  -0.53750661E-06  -0.29928190E+00  -0.11180957E-04  -0.60276002E+00   0.00000000E+00   0.00000000E+00   0.00000000E+00
    129,    0.12793387E+01   0.28071326E+00   0.11351099E-04   0.90556697E+01  -0.47069209E-06  -0.28075834E+00  -0.11805630E-04  -0.57141575E+00   0.00000000E+00   0.00000000E+00   0.00000000E+00
    130,    0.12810496E+01   0.26356456E+00   0.11948559E-04   0.83581302E+01  -0.36732371E-06  -0.26361125E+00  -0.12423251E-04  -0.54376638E+00   0.00000000E+00   0.00000000E+00   0.00000000E+00
    131,    0.12833089E+01   0.24822299E+00   0.12534970E-04   0.76781335E+01  -0.24279840E-06  -0.24826847E+00  -0.13029475E-04  -0.51907165E+00   0.00000000E+00   0.00000000E+00   0.00000000E+00
    132,    0.12839097E+01   0.23436053E+00   0.13108075E-04   0.70133146E+01  -0.10704960E-06  -0.23440772E+00  -0.13635647E-04  -0.49678930E+00   0.00000000E+00   0.00000000E+00   0.00000000E+00
    133,    0.12854079E+01   0.22126070E+00   0.13666836E-04   0.63620821E+01   0.33456976E-07  -0.22130695E+00  -0.14232461E-04  -0.47651213E+00   0.00000000E+00   0.00000000E+00   0.00000000E+00
    134,    0.12855378E+01   0.20966367E+00   0.14211039E-04   0.57231626E+01   0.17462948E-06  -0.20971171E+00  -0.14817317E-04  -0.45792756E+00   0.00000000E+00   0.00000000E+00   0.00000000E+00
    135,    0.12863488E+01   0.19842173E+00   0.14760852E-04   0.50956749E+01   0.28932153E-06  -0.19847138E+00  -0.15394341E-04  -0.44079100E+00   0.00000000E+00   0.00000000E+00   0.00000000E+00
    136,    0.12863288E+01   0.18837970E+00   0.15321144E-04   0.44789773E+01   0.34676512E-06  -0.18842887E+00  -0.15998979E-04  -0.42490798E+00   0.00000000E+00   0.00000000E+00   0.00000000E+00
    137,    0.12864828E+01   0.17858114E+00   0.15872138E-04   0.38724230E+01   0.40065688E-06  -0.17863196E+00  -0.16596270E-04  -0.41012139E+00   0.00000000E+00   0.00000000E+00   0.00000000E+00
    138,    0.12864624E+01   0.16971862E+00   0.16414834E-04   0.32753465E+01   0.45064707E-06  -0.16976912E+00  -0.17186710E-04  -0.39630239E+00   0.00000000E+00   0.00000000E+00   0.00000000E+00
    139,    0.12859921E+01   0.16104083E+00   0.16951111E-04   0.26872103E+01   0.49611206E-06  -0.16109101E+00  -0.17771425E-04  -0.38334380E+00   0.00000000E+00   0.00000000E+00   0.00000000E+00
    140,    0.12860298E+01   0.15311366E+00   0.17484160E-04   0.21073834E+01   0.53623630E-06  -0.15316568E+00  -0.18352271E-04  -0.37115305E+00   0.00000000E+00   0.00000000E+00   0.00000000E+00
    141,    0.12855342E+01   0.14537551E+00   0.18019247E-04   0.15350270E+01   0.57008930E-06  -0.14542736E+00  -0.18932079E-04  -0.35964220E+00   0.00000000E+00   0.00000000E+00   0.00000000E+00
    142,    0.12850886E+01   0.13815726E+00   0.18564760E-04   0.96942804E+00   0.59671461E-06  -0.13821085E+00  -0.19515033E-04  -0.34870611E+00   0.00000000E+00   0.00000000E+00   0.00000000E+00
    143,    0.12847777E+01   0.13118630E+00   0.19133268E-04   0.43963699E+00   0.61523768E-06  -0.13123985E+00  -0.20107100E-04  -0.33811578E+00   0.00000000E+00   0.00000000E+00   0.00000000E+00
    144,    0.12840838E+01   0.12455354E+00   0.19741756E-04  -0.17556215E-03   0.62498401E-06  -0.12460886E+00  -0.20716050E-04  -0.43252769E+00   0.00000000E+00   0.00000000E+00   0.00000000E+00
    145,    0.12835187E+01   0.11821659E+00   0.20410046E-04  -0.53327215E-03  -0.13562163E-03  -0.11827198E+00  -0.21350497E-04  -0.35749941E+00   0.00000000E+00   0.00000000E+00   0.00000000E+00
    146,    0.12830428E+01   0.11208495E+00   0.34686252E-04  -0.88485719E-03  -0.35979772E-02  -0.11214215E+00  -0.22018052E-04  -0.33292801E+00   0.00000000E+00   0.00000000E+00   0.00000000E+00
    147,    0.12822835E+01   0.10627879E+00   0.50873957E-04  -0.12288083E-02  -0.97294038E-02  -0.10633620E+00  -0.22723958E-04  -0.32115005E+00   0.00000000E+00   0.00000000E+00   0.00000000E+00
    148,    0.12814854E+01   0.10058888E+00   0.66084049E-04  -0.15659528E-02  -0.17458823E-01  -0.10064817E+00  -0.23470811E-04  -0.31375279E+00   0.00000000E+00   0.00000000E+00   0.00000000E+00
    149,    0.12809338E+01   0.95233142E-01   0.80153942E-04  -0.18967827E-02  -0.26019514E-01  -0.95292772E-01  -0.24259098E-04  -0.30835368E+00   0.00000000E+00   0.00000000E+00   0.00000000E+00
    150,    0.12801659E+01   0.89975726E-01   0.92951439E-04  -0.22197820E-02  -0.34822823E-01  -0.90035706E-01  -0.26849386E-04  -0.30408908E+00   0.00000000E+00   0.00000000E+00   0.00000000E+00
    151,    0.12791986E+01   0.84973663E-01   0.10457637E-03  -0.25360080E-02  -0.43446191E-01  -0.85035542E-01  -0.29301972E-04  -0.30041215E+00   0.00000000E+00   0.00000000E+00   0.00000000E+00
    152,    0.12784765E+01   0.80092871E-01   0.11525030E-03  -0.28457321E-02  -0.51607970E-01  -0.80155194E-01  -0.31295912E-04  -0.29718385E+00   0.00000000E+00   0.00000000E+00   0.00000000E+00
    153,    0.12777178E+01   0.75417850E-01   0.12461968E-03  -0.31479398E-02  -0.59137334E-01  -0.75482176E-01  -0.33076897E-04  -0.29422269E+00   0.00000000E+00   0.00000000E+00   0.00000000E+00
    154,    0.12768023E+01   0.70866302E-01   0.13271749E-03  -0.34429451E-02  -0.65945187E-01  -0.70931221E-01  -0.34564294E-04  -0.29142580E+00   0.00000000E+00   0.00000000E+00   0.00000000E+00
    155,    0.12757406E+01   0.66500373E-01   0.13960967E-03  -0.37312884E-02  -0.71999266E-01  -0.66567294E-01  -0.35933422E-04  -0.28872566E+00   0.00000000E+00   0.00000000E+00   0.00000000E+00
    156,    0.12749239E+01   0.62240642E-01   0.14538478E-03  -0.40128923E-02  -0.77304551E-01  -0.62308212E-01  -0.37193810E-04  -0.28609873E+00   0.00000000E+00   0.00000000E+00   0.00000000E+00
    157,    0.12740468E+01   0.58168027E-01   0.15014460E-03  -0.42865677E-02  -0.81888786E-01  -0.58237604E-01  -0.38316464E-04  -0.28351256E+00   0.00000000E+00   0.00000000E+00   0.00000000E+00
    158,    0.12730493E+01   0.54198555E-01   0.15399647E-03  -0.45534202E-02  -0.85792331E-01  -0.54270154E-01  -0.39526094E-04  -0.28091162E+00   0.00000000E+00   0.00000000E+00   0.00000000E+00
    159,    0.12719395E+01   0.51044107E-01   0.15704741E-03  -0.48134926E-02  -0.89061359E-01  -0.51076370E-01  -0.40606230E-04  -0.27828271E+00   0.00000000E+00   0.00000000E+00   0.00000000E+00
    160,    0.12709225E+01   0.51044888E-01   0.15940007E-03  -0.50667841E-02  -0.91743518E-01  -0.51077428E-01  -0.41701478E-04  -0.27561731E+00   0.00000000E+00   0.00000000E+00   0.00000000E+00
    161,    0.12699669E+01   0.51048357E-01   0.16115003E-03  -0.53127531E-02  -0.93885304E-01  -0.51081174E-01  -0.43143566E-04  -0.27291240E+00   0.00000000E+00   0.00000000E+00   0.00000000E+00
    162,    0.12689167E+01   0.51054494E-01   0.16252147E-03  -0.55516629E-02  -0.95530594E-01  -0.51087588E-01  -0.44902422E-04  -0.27018124E+00   0.00000000E+00   0.00000000E+00   0.00000000E+00
    163,    0.12677776E+01   0.51063276E-01   0.16348957E-03  -0.57840308E-02  -0.96719932E-01  -0.51096647E-01  -0.46705599E-04  -0.26740051E+00   0.00000000E+00   0.00000000E+00   0.00000000E+00
    164,    0.12665553E+01   0.51074681E-01   0.16409205E-03  -0.60100148E-02  -0.97490277E-01  -0.51108329E-01  -0.48481795E-04  -0.26457129E+00   0.00000000E+00   0.00000000E+00   0.00000000E+00
    165,    0.12654984E+01   0.51089559E-01   0.16438715E-03  -0.62296067E-02  -0.97875038E-01  -0.51124196E-01  -0.50221777E-04  -0.26169538E+00   0.00000000E+00   0.00000000E+00   0.00000000E+00
    166,    0.12644098E+01   0.51119787E-01   0.16442515E-03  -0.64422846E-02  -0.97904337E-01  -0.51154712E-01  -0.51915380E-04  -0.25877506E+00   0.00000000E+00   0.00000000E+00   0.00000000E+00
    167,    0.12632496E+01   0.51152536E-01   0.16424912E-03  -0.66492769E-02  -0.97605475E-01  -0.51187749E-01  -0.53556296E-04  -0.25581300E+00   0.00000000E+00   0.00000000E+00   0.00000000E+00
    168,    0.12620227E+01   0.51187779E-01   0.16389568E-03  -0.68509737E-02  -0.97002234E-01  -0.51223280E-01  -0.55328455E-04  -0.25281193E+00   0.00000000E+00   0.00000000E+00   0.00000000E+00
    169,    0.12607331E+01   0.51225490E-01   0.16344036E-03  -0.70461184E-02  -0.96116276E-01  -0.51261278E-01  -0.57037244E-04  -0.24977474E+00   0.00000000E+00   0.00000000E+00   0.00000000E+00
    170,    0.12595552E+01   0.51265641E-01   0.16301019E-03  -0.72365276E-02  -0.94967049E-01  -0.51301716E-01  -0.58669559E-04  -0.24670442E+00   0.00000000E+00   0.00000000E+00   0.00000000E+00
    171,    0.12583802E+01   0.51308203E-01   0.16247355E-03  -0.74217481E-02  -0.93572053E-01  -0.51344566E-01  -0.60211852E-04  -0.24360392E+00   0.00000000E+00   0.00000000E+00   0.00000000E+00
    172,    0.12571508E+01   0.51353149E-01   0.16184721E-03  -0.76019726E-02  -0.91947072E-01  -0.51389798E-01  -0.61877131E-04  -0.24047620E+00   0.00000000E+00   0.00000000E+00   0.00000000E+00
    173,    0.12558703E+01   0.51409888E-01   0.16114485E-03  -0.77777022E-02  -0.90106384E-01  -0.51447581E-01  -0.63520005E-04  -0.23732417E+00   0.00000000E+00   0.00000000E+00   0.00000000E+00
    174,    0.12545423E+01   0.51472429E-01   0.16037756E-03  -0.79489562E-02  -0.88062950E-01  -0.51510420E-01  -0.65138440E-04  -0.23415066E+00   0.00000000E+00   0.00000000E+00   0.00000000E+00
    175,    0.12532117E+01   0.51537246E-01   0.16056523E-03  -0.81156425E-02  -0.85828572E-01  -0.51575534E-01  -0.66626422E-04  -0.23095847E+00   0.00000000E+00   0.00000000E+00   0.00000000E+00
    176,    0.12519827E+01   0.51604308E-01   0.16083840E-03  -0.82791087E-02  -0.83414035E-01  -0.51642892E-01  -0.67967195E-04  -0.22775028E+00   0.00000000E+00   0.00000000E+00   0.00000000E+00
    177,    0.12507126E+01   0.52686204E-01   0.16106467E-03  -0.84373228E-02  -0.80829229E-01  -0.52657067E-01  -0.69144283E-04  -0.22452874E+00   0.00000000E+00   0.00000000E+00   0.00000000E+00
    178,    0.12494042E+01   0.54354792E-01   0.16160418E-03  -0.85923096E-02  -0.78083257E-01  -0.54325887E-01  -0.70141606E-04  -0.22129639E+00   0.00000000E+00   0.00000000E+00   0.00000000E+00
    179,    0.12480601E+01   0.55972789E-01   0.16209862E-03  -0.87442099E-02  -0.75184527E-01  -0.55944265E-01  -0.70943597E-04  -0.21805774E+00   0.00000000E+00   0.00000000E+00   0.00000000E+00
    180,    0.12466828E+01   0.57540243E-01   0.16252844E-03  -0.88915103E-02  -0.72140829E-01  -0.57512387E-01  -0.71729539E-04  -0.21481472E+00   0.00000000E+00   0.00000000E+00   0.00000000E+00
    181,    0.12453241E+01   0.59065983E-01   0.16288786E-03  -0.90354913E-02  -0.68959412E-01  -0.59048503E-01  -0.72358581E-04  -0.21156872E+00   0.00000000E+00   0.00000000E+00   0.00000000E+00
    182,    0.12440368E+01   0.60610629E-01   0.16340552E-03  -0.91765168E-02  -0.65647035E-01  -0.60594632E-01  -0.72771299E-04  -0.20832152E+00   0.00000000E+00   0.00000000E+00   0.00000000E+00
    183,    0.12427212E+01   0.62102782E-01   0.16397710E-03  -0.93146116E-02  -0.62210028E-01  -0.62088561E-01  -0.72954739E-04  -0.20507559E+00   0.00000000E+00   0.00000000E+00   0.00000000E+00
    184,    0.12413797E+01   0.63543067E-01   0.16444998E-03  -0.94486758E-02  -0.58654331E-01  -0.63530917E-01  -0.72896797E-04  -0.20183283E+00   0.00000000E+00   0.00000000E+00   0.00000000E+00
    185,    0.12400143E+01   0.64932147E-01   0.16481617E-03  -0.95795014E-02  -0.54985540E-01  -0.64922364E-01  -0.72747332E-04  -0.19859567E+00   0.00000000E+00   0.00000000E+00   0.00000000E+00
    186,    0.12386269E+01   0.66270718E-01   0.16520078E-03  -0.97075239E-02  -0.51208938E-01  -0.66263693E-01  -0.72480952E-04  -0.19536649E+00   0.00000000E+00   0.00000000E+00   0.00000000E+00
    187,    0.12372268E+01   0.67559508E-01   0.16622180E-03  -0.98327681E-02  -0.47329524E-01  -0.67556078E-01  -0.71962908E-04  -0.19214593E+00   0.00000000E+00   0.00000000E+00   0.00000000E+00
    188,    0.12359217E+01   0.68799268E-01   0.16759750E-03  -0.99552587E-02  -0.43352046E-01  -0.68799771E-01  -0.71184419E-04  -0.18893611E+00   0.00000000E+00   0.00000000E+00   0.00000000E+00
    189,    0.12345981E+01   0.70009005E-01   0.16919139E-03  -0.10075021E-01  -0.39281017E-01  -0.70024404E-01  -0.70160102E-04  -0.18573891E+00   0.00000000E+00   0.00000000E+00   0.00000000E+00
    190,    0.12332581E+01   0.71217052E-01   0.17073426E-03  -0.10191045E-01  -0.35120740E-01  -0.71237069E-01  -0.69167066E-04  -0.18256078E+00   0.00000000E+00   0.00000000E+00   0.00000000E+00
    191,    0.12319032E+01   0.72376074E-01   0.17208848E-03  -0.10304356E-01  -0.30875324E-01  -0.72401003E-01  -0.67912374E-04  -0.17939851E+00   0.00000000E+00   0.00000000E+00   0.00000000E+00
    192,    0.12305351E+01   0.73487001E-01   0.17324141E-03  -0.10415061E-01  -0.26548702E-01  -0.73517229E-01  -0.66626439E-04  -0.17625387E+00   0.00000000E+00   0.00000000E+00   0.00000000E+00
    193,    0.12291552E+01   0.74550769E-01   0.17505345E-03  -0.10523186E-01  -0.22144642E-01  -0.74587670E-01  -0.65348760E-04  -0.17312754E+00   0.00000000E+00   0.00000000E+00   0.00000000E+00
    194,    0.12278061E+01   0.75568321E-01   0.17768877E-03  -0.10628757E-01  -0.17666759E-01  -0.75612222E-01  -0.66799803E-04  -0.17002070E+00   0.00000000E+00   0.00000000E+00   0.00000000E+00
    195,    0.12265025E+01   0.76540605E-01   0.18055281E-03  -0.10731799E-01  -0.13118531E-01  -0.76591815E-01  -0.70621710E-04  -0.16693464E+00   0.00000000E+00   0.00000000E+00   0.00000000E+00
    196,    0.12251896E+01   0.77468574E-01   0.18379401E-03  -0.10832338E-01  -0.85033016E-02  -0.77527381E-01  -0.74502603E-04  -0.16387616E+00   0.00000000E+00   0.00000000E+00   0.00000000E+00
    197,    0.12238688E+01   0.78353183E-01   0.18704086E-03  -0.10930399E-01  -0.38242936E-02  -0.78430044E-01  -0.78257089E-04  -0.16084441E+00   0.00000000E+00   0.00000000E+00   0.00000000E+00
    198,    0.12225413E+01   0.79245485E-01   0.19049039E-03  -0.11026009E-01   0.91538636E-03  -0.79334340E-01  -0.81864283E-04  -0.15783686E+00   0.00000000E+00   0.00000000E+00   0.00000000E+00
    199,    0.12212084E+01   0.80096973E-01   0.19401135E-03  -0.11119194E-01   0.57127402E-02  -0.80195637E-01  -0.85303609E-04  -0.15485455E+00   0.00000000E+00   0.00000000E+00   0.00000000E+00
    200,    0.12198712E+01   0.80906227E-01   0.19795808E-03  -0.11209502E-01   0.10564873E-01  -0.81015848E-01  -0.88636191E-04  -0.15189892E+00   0.00000000E+00   0.00000000E+00   0.00000000E+00
    201,    0.12185641E+01   0.81674277E-01   0.20206625E-03  -0.11297364E-01   0.15468986E-01  -0.81796016E-01  -0.91969879E-04  -0.14897934E+00   0.00000000E+00   0.00000000E+00   0.00000000E+00
    202,    0.12172976E+01   0.82402147E-01   0.20611942E-03  -0.11382920E-01   0.20422376E-01  -0.82536256E-01  -0.95103944E-04  -0.14608935E+00   0.00000000E+00   0.00000000E+00   0.00000000E+00
    203,    0.12160284E+01   0.83090858E-01   0.21010291E-03  -0.11466196E-01   0.25422427E-01  -0.83237551E-01  -0.98487301E-04  -0.14322839E+00   0.00000000E+00   0.00000000E+00   0.00000000E+00
    204,    0.12147575E+01   0.83741427E-01   0.21400220E-03  -0.11547215E-01   0.25906979E-01  -0.83902007E-01  -0.10229569E-03  -0.14039794E+00   0.00000000E+00   0.00000000E+00   0.00000000E+00
    205,    0.12134857E+01   0.84354865E-01   0.21807463E-03  -0.11626006E-01   0.25810515E-01  -0.84533903E-01  -0.10711771E-03  -0.13760768E+00   0.00000000E+00   0.00000000E+00   0.00000000E+00
    206,    0.12122141E+01   0.84933049E-01   0.22243331E-03  -0.11702598E-01   0.25714363E-01  -0.85142087E-01  -0.11195313E-03  -0.13485038E+00   0.00000000E+00   0.00000000E+00   0.00000000E+00
    207,    0.12109436E+01   0.85517796E-01   0.22666701E-03  -0.11777017E-01   0.25618519E-01  -0.85744800E-01  -0.11661123E-03  -0.13212488E+00   0.00000000E+00   0.00000000E+00   0.00000000E+00
    208,    0.12096794E+01   0.86067078E-01   0.23076049E-03  -0.11849290E-01   0.25522981E-01  -0.86312128E-01  -0.12107205E-03  -0.12943781E+00   0.00000000E+00   0.00000000E+00   0.00000000E+00
    209,    0.12084741E+01   0.86581924E-01   0.23469888E-03  -0.11919445E-01   0.25427745E-01  -0.86847052E-01  -0.12531615E-03  -0.12679058E+00   0.00000000E+00   0.00000000E+00   0.00000000E+00
    210,    0.12072709E+01   0.87063354E-01   0.23847540E-03  -0.11987511E-01   0.25332810E-01  -0.87348562E-01  -0.12932473E-03  -0.12417590E+00   0.00000000E+00   0.00000000E+00   0.00000000E+00
    211,    0.12060703E+01   0.87512378E-01   0.24273546E-03  -0.12053513E-01   0.25238174E-01  -0.87817600E-01  -0.13336661E-03  -0.12160152E+00   0.00000000E+00   0.00000000E+00   0.00000000E+00
    212,    0.12048752E+01   0.87929992E-01   0.24679779E-03  -0.12117481E-01   0.25143834E-01  -0.88255097E-01  -0.13724282E-03  -0.11906835E+00   0.00000000E+00   0.00000000E+00   0.00000000E+00
    213,    0.12036844E+01   0.88338218E-01   0.25064771E-03  -0.12179443E-01   0.25049789E-01  -0.88662709E-01  -0.14110473E-03  -0.11656852E+00   0.00000000E+00   0.00000000E+00   0.00000000E+00
    214,    0.12024987E+01   0.88719409E-01   0.25427115E-03  -0.12239426E-01   0.24956036E-01  -0.89042196E-01  -0.14573625E-03  -0.11411338E+00   0.00000000E+00   0.00000000E+00   0.00000000E+00
    215,    0.12013184E+01   0.89072618E-01   0.25765467E-03  -0.12297459E-01   0.24862574E-01  -0.89392934E-01  -0.15009621E-03  -0.11169704E+00   0.00000000E+00   0.00000000E+00   0.00000000E+00
    216,    0.12001650E+01   0.89431495E-01   0.26122531E-03  -0.12353571E-01   0.24769402E-01  -0.89737600E-01  -0.15446622E-03  -0.10931735E+00   0.00000000E+00   0.00000000E+00   0.00000000E+00
    217,    0.11990447E+01   0.89764295E-01   0.26476877E-03  -0.12407790E-01   0.24676518E-01  -0.90067780E-01  -0.15870293E-03  -0.10698500E+00   0.00000000E+00   0.00000000E+00   0.00000000E+00
    218,    0.11979302E+01   0.90070673E-01   0.26803189E-03  -0.12460144E-01   0.24583921E-01  -0.90371604E-01  -0.16264159E-03  -0.10468625E+00   0.00000000E+00   0.00000000E+00   0.00000000E+00
    219,    0.11968220E+01   0.90351491E-01   0.27100244E-03  -0.12510663E-01   0.24491608E-01  -0.90649221E-01  -0.16626475E-03  -0.10243562E+00   0.00000000E+00   0.00000000E+00   0.00000000E+00
    220,    0.11957207E+01   0.90607591E-01   0.27366901E-03  -0.12559375E-01   0.24399581E-01  -0.90901714E-01  -0.16955578E-03  -0.10022187E+00   0.00000000E+00   0.00000000E+00   0.00000000E+00
    221,    0.11946269E+01   0.90839828E-01   0.27630301E-03  -0.12606309E-01   0.24307836E-01  -0.91131995E-01  -0.17400396E-03  -0.98052512E-01   0.00000000E+00   0.00000000E+00   0.00000000E+00
    222,    0.11935408E+01   0.91049633E-01   0.27901184E-03  -0.12651493E-01   0.24216373E-01  -0.91338643E-01  -0.17929051E-03  -0.95923419E-01   0.00000000E+00   0.00000000E+00   0.00000000E+00
    223,    0.11924627E+01   0.91237179E-01   0.28138181E-03  -0.12694957E-01   0.24125191E-01  -0.91522454E-01  -0.18426824E-03  -0.93836956E-01   0.00000000E+00   0.00000000E+00   0.00000000E+00
    224,    0.11914018E+01   0.91403240E-01   0.28340335E-03  -0.12736730E-01   0.24034290E-01  -0.91686371E-01  -0.18896090E-03  -0.91792192E-01   0.00000000E+00   0.00000000E+00   0.00000000E+00
    225,    0.11903786E+01   0.91548570E-01   0.28506787E-03  -0.12776839E-01   0.23943668E-01  -0.91829526E-01  -0.19418357E-03  -0.89790135E-01   0.00000000E+00   0.00000000E+00   0.00000000E+00
    226,    0.11893656E+01   0.91696293E-01   0.28661642E-03  -0.12815313E-01   0.23853325E-01  -0.91970241E-01  -0.19908979E-03  -0.87828928E-01   0.00000000E+00   0.00000000E+00   0.00000000E+00
    227,    0.11883614E+01   0.91828886E-01   0.28822864E-03  -0.12852182E-01   0.23763260E-01  -0.92101991E-01  -0.20423807E-03  -0.85912258E-01   0.00000000E+00   0.00000000E+00   0.00000000E+00
    228,    0.11873659E+01   0.91942144E-01   0.28945683E-03  -0.12887473E-01   0.23673472E-01  -0.92214027E-01  -0.20906752E-03  -0.84033433E-01   0.00000000E+00   0.00000000E+00   0.00000000E+00
    229,    0.11863794E+01   0.92036775E-01   0.29029475E-03  -0.12921214E-01   0.23583962E-01  -0.92308478E-01  -0.21355550E-03  -0.82202582E-01   0.00000000E+00   0.00000000E+00   0.00000000E+00
    230,    0.11854027E+01   0.92113466E-01   0.29073720E-03  -0.12953434E-01   0.23494707E-01  -0.92385251E-01  -0.21768635E-03  -0.80407324E-01   0.00000000E+00   0.00000000E+00   0.00000000E+00
    231,    0.11844358E+01   0.92172890E-01   0.29113680E-03  -0.12984159E-01   0.23405712E-01  -0.92444442E-01  -0.22144535E-03  -0.78659453E-01   0.00000000E+00   0.00000000E+00   0.00000000E+00
    232,    0.11834786E+01   0.92215698E-01   0.29146015E-03  -0.13013418E-01   0.23316990E-01  -0.92486707E-01  -0.22481874E-03  -0.76950358E-01   0.00000000E+00   0.00000000E+00   0.00000000E+00
    233,    0.11825443E+01   0.92242526E-01   0.29137038E-03  -0.13041237E-01   0.23228541E-01  -0.92512707E-01  -0.22831365E-03  -0.75280378E-01   0.00000000E+00   0.00000000E+00   0.00000000E+00
    234,    0.11816351E+01   0.92253992E-01   0.29086495E-03  -0.13067643E-01   0.23140364E-01  -0.92524507E-01  -0.23152511E-03  -0.73656483E-01   0.00000000E+00   0.00000000E+00   0.00000000E+00
    235,    0.11807354E+01   0.92250695E-01   0.28994238E-03  -0.13092662E-01   0.23052460E-01  -0.92521280E-01  -0.23433605E-03  -0.72069222E-01   0.00000000E+00   0.00000000E+00   0.00000000E+00
    236,    0.11798461E+01   0.92239521E-01   0.28920962E-03  -0.13116319E-01   0.22964829E-01  -0.92506444E-01  -0.23673547E-03  -0.70521971E-01   0.00000000E+00   0.00000000E+00   0.00000000E+00
    237,    0.11789665E+01   0.92230242E-01   0.28813113E-03  -0.13138377E-01   0.22877469E-01  -0.92496936E-01  -0.23871344E-03  -0.69019094E-01   0.00000000E+00   0.00000000E+00   0.00000000E+00
    238,    0.11780969E+01   0.92207300E-01   0.28662787E-03  -0.13158893E-01   0.22790382E-01  -0.92473963E-01  -0.24031895E-03  -0.67558613E-01   0.00000000E+00   0.00000000E+00   0.00000000E+00
    239,    0.11772372E+01   0.92171240E-01   0.28470110E-03  -0.13178102E-01   0.22703567E-01  -0.92437657E-01  -0.24208781E-03  -0.66134851E-01   0.00000000E+00   0.00000000E+00   0.00000000E+00
    240,    0.11763877E+01   0.92122591E-01   0.28266651E-03  -0.13196028E-01   0.22617024E-01  -0.92388553E-01  -0.24342977E-03  -0.64755680E-01   0.00000000E+00   0.00000000E+00   0.00000000E+00
    241,    0.11755488E+01   0.92061864E-01   0.28057849E-03  -0.13212694E-01   0.22530754E-01  -0.92327168E-01  -0.24433786E-03  -0.63413331E-01   0.00000000E+00   0.00000000E+00   0.00000000E+00
    242,    0.11747208E+01   0.91989554E-01   0.27806763E-03  -0.13228120E-01   0.22444757E-01  -0.92254005E-01  -0.24480619E-03  -0.62105685E-01   0.00000000E+00   0.00000000E+00   0.00000000E+00
    243,    0.11739207E+01   0.91906139E-01   0.28099968E-03  -0.13242329E-01   0.22359034E-01  -0.92169548E-01  -0.24482998E-03  -0.60832572E-01   0.00000000E+00   0.00000000E+00   0.00000000E+00
    244,    0.11731341E+01   0.91812081E-01   0.28647250E-03  -0.13255339E-01   0.22273585E-01  -0.92074268E-01  -0.24489497E-03  -0.59598594E-01   0.00000000E+00   0.00000000E+00   0.00000000E+00
    245,    0.11723573E+01   0.91707826E-01   0.29229314E-03  -0.13267170E-01   0.22188411E-01  -0.91968619E-01  -0.24470213E-03  -0.58398734E-01   0.00000000E+00   0.00000000E+00   0.00000000E+00
    246,    0.11715915E+01   0.91594017E-01   0.29779542E-03  -0.13277838E-01   0.22103513E-01  -0.91853041E-01  -0.24407067E-03  -0.57232166E-01   0.00000000E+00   0.00000000E+00   0.00000000E+00
    247,    0.11708356E+01   0.91483875E-01   0.30296337E-03  -0.13287361E-01   0.22018893E-01  -0.91734430E-01  -0.24299873E-03  -0.56097939E-01   0.00000000E+00   0.00000000E+00   0.00000000E+00
    248,    0.11700899E+01   0.91370754E-01   0.30778176E-03  -0.13295752E-01   0.21934551E-01  -0.91617858E-01  -0.24215956E-03  -0.54995588E-01   0.00000000E+00   0.00000000E+00   0.00000000E+00
    249,    0.11693542E+01   0.91248633E-01   0.31223614E-03  -0.13303026E-01   0.21850489E-01  -0.91492127E-01  -0.24143734E-03  -0.53927821E-01   0.00000000E+00   0.00000000E+00   0.00000000E+00
    250,    0.11686293E+01   0.91117889E-01   0.31681924E-03  -0.13309195E-01   0.21766709E-01  -0.91357628E-01  -0.24085001E-03  -0.52890309E-01   0.00000000E+00   0.00000000E+00   0.00000000E+00
    251,    0.11679148E+01   0.90978886E-01   0.32143621E-03  -0.13314269E-01   0.21683213E-01  -0.91214734E-01  -0.23987304E-03  -0.51882462E-01   0.00000000E+00   0.00000000E+00   0.00000000E+00
    252,    0.11672104E+01   0.90831969E-01   0.32564604E-03  -0.13318065E-01   0.21600003E-01  -0.91063808E-01  -0.23850698E-03  -0.50904164E-01   0.00000000E+00   0.00000000E+00   0.00000000E+00
    253,    0.11665181E+01   0.90677475E-01   0.32943559E-03  -0.13320183E-01   0.21517082E-01  -0.90905410E-01  -0.23675329E-03  -0.49954306E-01   0.00000000E+00   0.00000000E+00   0.00000000E+00
    254,    0.11658501E+01   0.90515721E-01   0.33279260E-03  -0.13321214E-01   0.21434453E-01  -0.90739844E-01  -0.23840726E-03  -0.49032057E-01   0.00000000E+00   0.00000000E+00   0.00000000E+00
    255,    0.11651918E+01   0.90347839E-01   0.33577795E-03  -0.13321165E-01   0.21352117E-01  -0.90567257E-01  -0.24382837E-03  -0.48137215E-01   0.00000000E+00   0.00000000E+00   0.00000000E+00
    256,    0.11645438E+01   0.90174800E-01   0.33917570E-03  -0.13320036E-01   0.21270080E-01  -0.90387955E-01  -0.24959695E-03  -0.47269940E-01   0.00000000E+00   0.00000000E+00   0.00000000E+00
    257,    0.11639056E+01   0.89995943E-01   0.34210463E-03  -0.13317830E-01   0.21188344E-01  -0.90202233E-01  -0.25501531E-03  -0.46428047E-01   0.00000000E+00   0.00000000E+00   0.00000000E+00
    258,    0.11632774E+01   0.89825176E-01   0.34455435E-03  -0.13314545E-01   0.21106914E-01  -0.90019961E-01  -0.25996202E-03  -0.45611178E-01   0.00000000E+00   0.00000000E+00   0.00000000E+00
    259,    0.11626592E+01   0.89650244E-01   0.34651556E-03  -0.13310177E-01   0.21025794E-01  -0.89836720E-01  -0.26442298E-03  -0.44818161E-01   0.00000000E+00   0.00000000E+00   0.00000000E+00
    260,    0.11620506E+01   0.89470028E-01   0.34797996E-03  -0.13304723E-01   0.20944988E-01  -0.89647500E-01  -0.26838512E-03  -0.44048306E-01   0.00000000E+00   0.00000000E+00   0.00000000E+00
    261,    0.11614519E+01   0.89284127E-01   0.34984200E-03  -0.13298174E-01   0.20864502E-01  -0.89452555E-01  -0.27242984E-03  -0.43300930E-01   0.00000000E+00   0.00000000E+00   0.00000000E+00
    262,    0.11608630E+01   0.89093666E-01   0.35123446E-03  -0.13290354E-01   0.20784341E-01  -0.89252123E-01  -0.27630784E-03  -0.42575490E-01   0.00000000E+00   0.00000000E+00   0.00000000E+00
    263,    0.11602836E+01   0.88899859E-01   0.35210379E-03  -0.13280585E-01   0.20704511E-01  -0.89046435E-01  -0.27966711E-03  -0.41871549E-01   0.00000000E+00   0.00000000E+00   0.00000000E+00
    264,    0.11597138E+01   0.88701026E-01   0.35244407E-03  -0.13269678E-01   0.20625018E-01  -0.88835707E-01  -0.28249701E-03  -0.41189457E-01   0.00000000E+00   0.00000000E+00   0.00000000E+00
    265,    0.11591533E+01   0.88497348E-01   0.35241319E-03  -0.13257621E-01   0.20545868E-01  -0.88620147E-01  -0.28478807E-03  -0.40527111E-01   0.00000000E+00   0.00000000E+00   0.00000000E+00
    266,    0.11586104E+01   0.88288993E-01   0.35263853E-03  -0.13244395E-01   0.20467070E-01  -0.88399952E-01  -0.28717745E-03  -0.39883894E-01   0.00000000E+00   0.00000000E+00   0.00000000E+00
    267,    0.11580791E+01   0.88076932E-01   0.35231709E-03  -0.13229982E-01   0.20388629E-01  -0.88175308E-01  -0.28933160E-03  -0.39259482E-01   0.00000000E+00   0.00000000E+00   0.00000000E+00
    268,    0.11575569E+01   0.87869990E-01   0.35388212E-03  -0.13214362E-01   0.20310554E-01  -0.87948899E-01  -0.29093641E-03  -0.38653016E-01   0.00000000E+00   0.00000000E+00   0.00000000E+00
    269,    0.11570439E+01   0.87666923E-01   0.36233564E-03  -0.13197513E-01   0.20232854E-01  -0.87728192E-01  -0.29198501E-03  -0.38063869E-01   0.00000000E+00   0.00000000E+00   0.00000000E+00
    270,    0.11565397E+01   0.87459661E-01   0.37062311E-03  -0.13178870E-01   0.20155536E-01  -0.87503242E-01  -0.29247171E-03  -0.37491543E-01   0.00000000E+00   0.00000000E+00   0.00000000E+00
    271,    0.11560445E+01   0.87248067E-01   0.37873412E-03  -0.13158312E-01   0.20078609E-01  -0.87274204E-01  -0.29335612E-03  -0.36937251E-01   0.00000000E+00   0.00000000E+00   0.00000000E+00
    272,    0.11555580E+01   0.87032244E-01   0.38665863E-03  -0.13136428E-01   0.20002084E-01  -0.87041224E-01  -0.29368246E-03  -0.36398601E-01   0.00000000E+00   0.00000000E+00   0.00000000E+00
    273,    0.11550804E+01   0.86812293E-01   0.39438704E-03  -0.13113192E-01   0.19925969E-01  -0.86804439E-01  -0.29344601E-03  -0.35875056E-01   0.00000000E+00   0.00000000E+00   0.00000000E+00
    274,    0.11546200E+01   0.86588302E-01   0.40251950E-03  -0.13088582E-01   0.19850274E-01  -0.86563979E-01  -0.29264376E-03  -0.35366257E-01   0.00000000E+00   0.00000000E+00   0.00000000E+00
    275,    0.11545872E+01   0.86360358E-01   0.41087551E-03  -0.13062565E-01   0.19775011E-01  -0.86319964E-01  -0.29183944E-03  -0.34871594E-01   0.00000000E+00   0.00000000E+00   0.00000000E+00
    276,    0.11545469E+01   0.86128536E-01   0.41899804E-03  -0.13034937E-01   0.19700190E-01  -0.86072508E-01  -0.29087269E-03  -0.34391706E-01   0.00000000E+00   0.00000000E+00   0.00000000E+00
    277,    0.11544992E+01   0.85892909E-01   0.42687772E-03  -0.13004697E-01   0.19625822E-01  -0.85821717E-01  -0.28934695E-03  -0.33925769E-01   0.00000000E+00   0.00000000E+00   0.00000000E+00
    278,    0.11544438E+01   0.85653541E-01   0.43450569E-03  -0.12972944E-01   0.19551919E-01  -0.85569524E-01  -0.29187763E-03  -0.33472516E-01   0.00000000E+00   0.00000000E+00   0.00000000E+00
    279,    0.11543888E+01   0.85422077E-01   0.44187358E-03  -0.12939642E-01   0.19478491E-01  -0.85322936E-01  -0.29470234E-03  -0.33031475E-01   0.00000000E+00   0.00000000E+00   0.00000000E+00
    280,    0.11543605E+01   0.85187277E-01   0.44897358E-03  -0.12904754E-01   0.19405552E-01  -0.85098770E-01  -0.29709725E-03  -0.32602869E-01   0.00000000E+00   0.00000000E+00   0.00000000E+00
    281,    0.11543249E+01   0.84948674E-01   0.45579836E-03  -0.12868240E-01   0.19333113E-01  -0.84871400E-01  -0.29906036E-03  -0.32187109E-01   0.00000000E+00   0.00000000E+00   0.00000000E+00
    282,    0.11542819E+01   0.84706315E-01   0.46288364E-03  -0.12829147E-01   0.19261187E-01  -0.84640855E-01  -0.30071969E-03  -0.31782316E-01   0.00000000E+00   0.00000000E+00   0.00000000E+00
    283,    0.11542314E+01   0.84462434E-01   0.47006531E-03  -0.12787857E-01   0.19189786E-01  -0.84407155E-01  -0.30253359E-03  -0.31388053E-01   0.00000000E+00   0.00000000E+00   0.00000000E+00
    284,    0.11541733E+01   0.84215364E-01   0.47693738E-03  -0.12744827E-01   0.19118924E-01  -0.84170317E-01  -0.30391087E-03  -0.31005590E-01   0.00000000E+00   0.00000000E+00   0.00000000E+00
    285,    0.11541075E+01   0.83964671E-01   0.48349343E-03  -0.12700019E-01   0.19048612E-01  -0.83930354E-01  -0.30485152E-03  -0.30633542E-01   0.00000000E+00   0.00000000E+00   0.00000000E+00
    286,    0.11540610E+01   0.83712300E-01   0.48972761E-03  -0.12653392E-01   0.18978865E-01  -0.83687273E-01  -0.30535634E-03  -0.30270875E-01   0.00000000E+00   0.00000000E+00   0.00000000E+00
    287,    0.11540218E+01   0.83457318E-01   0.49563464E-03  -0.12603886E-01   0.18909695E-01  -0.83441079E-01  -0.30723766E-03  -0.29918735E-01   0.00000000E+00   0.00000000E+00   0.00000000E+00
    288,    0.11539752E+01   0.83198813E-01   0.50120984E-03  -0.12425359E-01   0.18841116E-01  -0.83198152E-01  -0.30920773E-03  -0.29576262E-01   0.00000000E+00   0.00000000E+00   0.00000000E+00
    289,    0.11539212E+01   0.82942148E-01   0.50644908E-03  -0.11957684E-01   0.18773140E-01  -0.82953717E-01  -0.31137297E-03  -0.29242099E-01   0.00000000E+00   0.00000000E+00   0.00000000E+00
    290,    0.11538595E+01   0.82684599E-01   0.51134879E-03  -0.11505915E-01   0.18705780E-01  -0.82705965E-01  -0.31322848E-03  -0.28918180E-01   0.00000000E+00   0.00000000E+00   0.00000000E+00
    291,    0.11537901E+01   0.82424163E-01   0.51657740E-03  -0.11069848E-01   0.18639051E-01  -0.82454891E-01  -0.31469815E-03  -0.28602327E-01   0.00000000E+00   0.00000000E+00   0.00000000E+00
    292,    0.11537247E+01   0.82161954E-01   0.52157854E-03  -0.10649273E-01   0.18572964E-01  -0.82200492E-01  -0.31578367E-03  -0.28294802E-01   0.00000000E+00   0.00000000E+00   0.00000000E+00
    293,    0.11536814E+01   0.81896120E-01   0.52621370E-03  -0.10243988E-01   0.18507533E-01  -0.81942758E-01  -0.31648742E-03  -0.27996128E-01   0.00000000E+00   0.00000000E+00   0.00000000E+00
    294,    0.11536308E+01   0.81626667E-01   0.53048062E-03  -0.98537932E-02   0.18442771E-01  -0.81681682E-01  -0.31681238E-03  -0.27704376E-01   0.00000000E+00   0.00000000E+00   0.00000000E+00
    295,    0.11535727E+01   0.81353601E-01   0.53437764E-03  -0.94784943E-02   0.18378689E-01  -0.81417253E-01  -0.31727136E-03  -0.27421797E-01   0.00000000E+00   0.00000000E+00   0.00000000E+00
    296,    0.11535070E+01   0.81076926E-01   0.53790366E-03  -0.91179011E-02   0.18315300E-01  -0.81149458E-01  -0.31746410E-03  -0.27145299E-01   0.00000000E+00   0.00000000E+00   0.00000000E+00
    297,    0.11534336E+01   0.80796645E-01   0.54105814E-03  -0.87718280E-02   0.18252617E-01  -0.80878284E-01  -0.31728355E-03  -0.26877694E-01   0.00000000E+00   0.00000000E+00   0.00000000E+00
    298,    0.11533579E+01   0.80513729E-01   0.54384111E-03  -0.84400932E-02   0.18190650E-01  -0.80608399E-01  -0.31793572E-03  -0.26615712E-01   0.00000000E+00   0.00000000E+00   0.00000000E+00
    299,    0.11533105E+01   0.80238117E-01   0.54625312E-03  -0.81225075E-02   0.18129412E-01  -0.80337258E-01  -0.31944084E-03  -0.26362241E-01   0.00000000E+00   0.00000000E+00   0.00000000E+00
    300,    0.11532557E+01   0.79962988E-01   0.54854561E-03  -0.78188969E-02   0.18068913E-01  -0.80062543E-01  -0.32060461E-03  -0.26114304E-01   0.00000000E+00   0.00000000E+00   0.00000000E+00
    301,    0.11531936E+01   0.79684176E-01   0.55087544E-03  -0.75291044E-02   0.18009164E-01  -0.79784241E-01  -0.32146679E-03  -0.25873920E-01   0.00000000E+00   0.00000000E+00   0.00000000E+00
    302,    0.11531240E+01   0.79401673E-01   0.55281837E-03  -0.72529640E-02   0.17950174E-01  -0.79502373E-01  -0.32260486E-03  -0.25639500E-01   0.00000000E+00   0.00000000E+00   0.00000000E+00
    303,    0.11530467E+01   0.79115471E-01   0.55437636E-03  -0.69903126E-02   0.17891955E-01  -0.79217938E-01  -0.32564045E-03  -0.25411273E-01   0.00000000E+00   0.00000000E+00   0.00000000E+00
    304,    0.11529702E+01   0.78825563E-01   0.55555192E-03  -0.67409907E-02   0.17834514E-01  -0.78929905E-01  -0.32828566E-03  -0.25189841E-01   0.00000000E+00   0.00000000E+00   0.00000000E+00
    305,    0.11529192E+01   0.78531943E-01   0.55634804E-03  -0.65048420E-02   0.17777861E-01  -0.78638264E-01  -0.33053973E-03  -0.24973641E-01   0.00000000E+00   0.00000000E+00   0.00000000E+00
    306,    0.11528610E+01   0.78630353E-01   0.55676822E-03  -0.62817134E-02   0.17722003E-01  -0.78739612E-01  -0.33240253E-03  -0.24763930E-01   0.00000000E+00   0.00000000E+00   0.00000000E+00
    307,    0.11527955E+01   0.78916946E-01   0.55681645E-03  -0.60714546E-02   0.17666949E-01  -0.79028196E-01  -0.33387458E-03  -0.24560089E-01   0.00000000E+00   0.00000000E+00   0.00000000E+00
    308,    0.11527227E+01   0.79209578E-01   0.55649714E-03  -0.58739182E-02   0.17612706E-01  -0.79322909E-01  -0.33495696E-03  -0.24361357E-01   0.00000000E+00   0.00000000E+00   0.00000000E+00
    309,    0.11526423E+01   0.79505668E-01   0.55581519E-03  -0.56889596E-02   0.17559278E-01  -0.79619341E-01  -0.33607061E-03  -0.24168460E-01   0.00000000E+00   0.00000000E+00   0.00000000E+00
    310,    0.11525760E+01   0.79803597E-01   0.55488609E-03  -0.55164367E-02   0.17506674E-01  -0.79917605E-01  -0.33693454E-03  -0.23981487E-01   0.00000000E+00   0.00000000E+00   0.00000000E+00
    311,    0.11525225E+01   0.80103481E-01   0.55400911E-03  -0.53562100E-02   0.17454896E-01  -0.80217819E-01  -0.33741397E-03  -0.23799501E-01   0.00000000E+00   0.00000000E+00   0.00000000E+00
    312,    0.11524620E+01   0.80405438E-01   0.55276514E-03  -0.52081423E-02   0.17403951E-01  -0.80520100E-01  -0.33774308E-03  -0.23622502E-01   0.00000000E+00   0.00000000E+00   0.00000000E+00
    313,    0.11523944E+01   0.80709591E-01   0.55116031E-03  -0.50720987E-02   0.17353841E-01  -0.80827266E-01  -0.34175023E-03  -0.23450985E-01   0.00000000E+00   0.00000000E+00   0.00000000E+00
    314,    0.11523196E+01   0.81020895E-01   0.54920119E-03  -0.49479466E-02   0.17304570E-01  -0.81140101E-01  -0.34587353E-03  -0.23285051E-01   0.00000000E+00   0.00000000E+00   0.00000000E+00
    315,    0.11522411E+01   0.81335880E-01   0.54689470E-03  -0.48355553E-02   0.17256139E-01  -0.81455477E-01  -0.35018973E-03  -0.23123986E-01   0.00000000E+00   0.00000000E+00   0.00000000E+00
    316,    0.11521937E+01   0.81653540E-01   0.54424815E-03  -0.47347961E-02   0.17208551E-01  -0.81773525E-01  -0.35428817E-03  -0.22967786E-01   0.00000000E+00   0.00000000E+00   0.00000000E+00
    317,    0.11521396E+01   0.81974010E-01   0.54126922E-03  -0.46455422E-02   0.17161806E-01  -0.82094377E-01  -0.35838158E-03  -0.22816447E-01   0.00000000E+00   0.00000000E+00   0.00000000E+00
    318,    0.11520787E+01   0.82297422E-01   0.53796590E-03  -0.45676687E-02   0.17115905E-01  -0.82418169E-01  -0.36278186E-03  -0.22669965E-01   0.00000000E+00   0.00000000E+00   0.00000000E+00
    319,    0.11520109E+01   0.82623915E-01   0.53434652E-03  -0.45010522E-02   0.17070847E-01  -0.82745856E-01  -0.36694138E-03  -0.22528335E-01   0.00000000E+00   0.00000000E+00   0.00000000E+00
    320,    0.11519361E+01   0.82955803E-01   0.53041971E-03  -0.44455708E-02   0.17026629E-01  -0.83081639E-01  -0.37103009E-03  -0.22391959E-01   0.00000000E+00   0.00000000E+00   0.00000000E+00
    321,    0.11518928E+01   0.83294584E-01   0.52628276E-03  -0.44011044E-02   0.16983252E-01  -0.83420880E-01  -0.37548001E-03  -0.22260400E-01   0.00000000E+00   0.00000000E+00   0.00000000E+00
    322,    0.11518470E+01   0.83636971E-01   0.52213223E-03  -0.43675342E-02   0.16940710E-01  -0.83763724E-01  -0.37966354E-03  -0.22133580E-01   0.00000000E+00   0.00000000E+00   0.00000000E+00
    323,    0.11517947E+01   0.83983110E-01   0.51768049E-03  -0.43447426E-02   0.16899002E-01  -0.84110318E-01  -0.38376755E-03  -0.22011493E-01   0.00000000E+00   0.00000000E+00   0.00000000E+00
    324,    0.11517359E+01   0.84333151E-01   0.51293708E-03  -0.43326133E-02   0.16858123E-01  -0.84460813E-01  -0.38822578E-03  -0.21894134E-01   0.00000000E+00   0.00000000E+00   0.00000000E+00
    325,    0.11516705E+01   0.84687244E-01   0.50791183E-03  -0.43310312E-02   0.16818067E-01  -0.84815359E-01  -0.39238919E-03  -0.21781497E-01   0.00000000E+00   0.00000000E+00   0.00000000E+00
    326,    0.11516408E+01   0.85045541E-01   0.50261481E-03  -0.43398823E-02   0.16778829E-01  -0.85174743E-01  -0.39652455E-03  -0.21673579E-01   0.00000000E+00   0.00000000E+00   0.00000000E+00
    327,    0.11516055E+01   0.85409330E-01   0.49705631E-03  -0.43590535E-02   0.16740403E-01  -0.85543251E-01  -0.40094268E-03  -0.21570372E-01   0.00000000E+00   0.00000000E+00   0.00000000E+00
    328,    0.11515643E+01   0.85781913E-01   0.49124684E-03  -0.43884326E-02   0.16702781E-01  -0.85916382E-01  -0.40503464E-03  -0.21471872E-01   0.00000000E+00   0.00000000E+00   0.00000000E+00
    329,    0.11515170E+01   0.86159281E-01   0.48650006E-03  -0.44279084E-02   0.16665956E-01  -0.86294299E-01  -0.40921452E-03  -0.21378072E-01   0.00000000E+00   0.00000000E+00   0.00000000E+00
    330,    0.11514774E+01   0.86541596E-01   0.49358585E-03  -0.44773701E-02   0.16629920E-01  -0.86677164E-01  -0.41353697E-03  -0.21289067E-01   0.00000000E+00   0.00000000E+00   0.00000000E+00
    331,    0.11514610E+01   0.86929024E-01   0.50101388E-03  -0.45367079E-02   0.16594652E-01  -0.87065142E-01  -0.41749879E-03  -0.21205213E-01   0.00000000E+00   0.00000000E+00   0.00000000E+00
    332,    0.11514392E+01   0.87321730E-01   0.50824497E-03  -0.46058122E-02   0.16559982E-01  -0.87458399E-01  -0.42173443E-03  -0.21126130E-01   0.00000000E+00   0.00000000E+00   0.00000000E+00
    333,    0.11514119E+01   0.87719880E-01   0.51505585E-03  -0.46845363E-02   0.16526069E-01  -0.87857101E-01  -0.42589824E-03  -0.21051813E-01   0.00000000E+00   0.00000000E+00   0.00000000E+00
    334,    0.11513789E+01   0.88123642E-01   0.52143991E-03  -0.47726831E-02   0.16492901E-01  -0.88261969E-01  -0.42966374E-03  -0.20982255E-01   0.00000000E+00   0.00000000E+00   0.00000000E+00
    335,    0.11513797E+01   0.88533373E-01   0.52739112E-03  -0.48702769E-02   0.16460467E-01  -0.88677327E-01  -0.43396523E-03  -0.20917448E-01   0.00000000E+00   0.00000000E+00   0.00000000E+00
    336,    0.11513796E+01   0.88954168E-01   0.53290403E-03  -0.49772096E-02   0.16428756E-01  -0.89098789E-01  -0.43789991E-03  -0.20857387E-01   0.00000000E+00   0.00000000E+00   0.00000000E+00
    337,    0.11513745E+01   0.89381246E-01   0.53797377E-03  -0.50933732E-02   0.16397755E-01  -0.89526536E-01  -0.44169190E-03  -0.20802443E-01   0.00000000E+00   0.00000000E+00   0.00000000E+00
    338,    0.11513643E+01   0.89814789E-01   0.54259607E-03  -0.52186596E-02   0.16367451E-01  -0.89960752E-01  -0.44577200E-03  -0.20753032E-01   0.00000000E+00   0.00000000E+00   0.00000000E+00
    339,    0.11513810E+01   0.90254985E-01   0.54755704E-03  -0.53529607E-02   0.16337831E-01  -0.90401623E-01  -0.44939932E-03  -0.20708431E-01   0.00000000E+00   0.00000000E+00   0.00000000E+00
    340,    0.11514051E+01   0.90702021E-01   0.55213325E-03  -0.54961680E-02   0.16308880E-01  -0.90849336E-01  -0.45327085E-03  -0.20668634E-01   0.00000000E+00   0.00000000E+00   0.00000000E+00
    341,    0.11514248E+01   0.91156086E-01   0.55623843E-03  -0.56481726E-02   0.16280584E-01  -0.91304083E-01  -0.45700391E-03  -0.20633660E-01   0.00000000E+00   0.00000000E+00   0.00000000E+00
    342,    0.11514399E+01   0.91617373E-01   0.55986959E-03  -0.58088651E-02   0.16252928E-01  -0.91766054E-01  -0.46038774E-03  -0.20604969E-01   0.00000000E+00   0.00000000E+00   0.00000000E+00
    343,    0.11514854E+01   0.92086075E-01   0.56302437E-03  -0.59781353E-02   0.16225898E-01  -0.92235770E-01  -0.46419852E-03  -0.20581822E-01   0.00000000E+00   0.00000000E+00   0.00000000E+00
    344,    0.11515365E+01   0.92562391E-01   0.56570100E-03  -0.60397352E-02   0.16199477E-01  -0.92718373E-01  -0.46749368E-03  -0.20563643E-01   0.00000000E+00   0.00000000E+00   0.00000000E+00
    345,    0.11515837E+01   0.93051613E-01   0.56789830E-03  -0.58797373E-02   0.16173649E-01  -0.93209041E-01  -0.47097294E-03  -0.20551583E-01   0.00000000E+00   0.00000000E+00   0.00000000E+00
    346,    0.11516303E+01   0.93549742E-01   0.56973697E-03  -0.57197183E-02   0.16148399E-01  -0.93707995E-01  -0.47429904E-03  -0.20544985E-01   0.00000000E+00   0.00000000E+00   0.00000000E+00
    347,    0.11517144E+01   0.94056379E-01   0.57177501E-03  -0.55597756E-02   0.16123709E-01  -0.94215464E-01  -0.47731683E-03  -0.20543323E-01   0.00000000E+00   0.00000000E+00   0.00000000E+00
    348,    0.11517957E+01   0.94571757E-01   0.57331883E-03  -0.54000075E-02   0.16099563E-01  -0.94731678E-01  -0.48064168E-03  -0.20548036E-01   0.00000000E+00   0.00000000E+00   0.00000000E+00
    349,    0.11518739E+01   0.95096110E-01   0.57436865E-03  -0.52405132E-02   0.16075944E-01  -0.95256874E-01  -0.48337855E-03  -0.20558303E-01   0.00000000E+00   0.00000000E+00   0.00000000E+00
    350,    0.11519737E+01   0.95629681E-01   0.57492534E-03  -0.50811041E-02   0.16052833E-01  -0.95791294E-01  -0.48650911E-03  -0.20573564E-01   0.00000000E+00   0.00000000E+00   0.00000000E+00
    351,    0.11520907E+01   0.96172716E-01   0.57499031E-03  -0.49213482E-02   0.16030214E-01  -0.96335183E-01  -0.48919013E-03  -0.20596047E-01   0.00000000E+00   0.00000000E+00   0.00000000E+00
    352,    0.11522051E+01   0.96725465E-01   0.57474482E-03  -0.47621529E-02   0.16008069E-01  -0.96888792E-01  -0.49188790E-03  -0.20623567E-01   0.00000000E+00   0.00000000E+00   0.00000000E+00
    353,    0.11523288E+01   0.97288184E-01   0.57560737E-03  -0.46036203E-02   0.15986379E-01  -0.97457410E-01  -0.49447638E-03  -0.20657375E-01   0.00000000E+00   0.00000000E+00   0.00000000E+00
    354,    0.11524833E+01   0.97865805E-01   0.57629962E-03  -0.44458531E-02   0.15965126E-01  -0.98038585E-01  -0.49676318E-03  -0.20697457E-01   0.00000000E+00   0.00000000E+00   0.00000000E+00
    355,    0.11526359E+01   0.98456956E-01   0.57650642E-03  -0.42889546E-02   0.15944293E-01  -0.98630758E-01  -0.49922065E-03  -0.20743093E-01   0.00000000E+00   0.00000000E+00   0.00000000E+00
    356,    0.11527940E+01   0.99059409E-01   0.57643733E-03  -0.41330282E-02   0.15923859E-01  -0.99234242E-01  -0.50111819E-03  -0.20796012E-01   0.00000000E+00   0.00000000E+00   0.00000000E+00
    357,    0.11529880E+01   0.99673481E-01   0.58240231E-03  -0.39781782E-02   0.15903808E-01  -0.99849354E-01  -0.50340434E-03  -0.20854091E-01   0.00000000E+00   0.00000000E+00   0.00000000E+00
    358,    0.11531807E+01   0.10029950E+00   0.58893051E-03  -0.38245090E-02   0.15884119E-01  -0.10047642E+00  -0.50496748E-03  -0.20920016E-01   0.00000000E+00   0.00000000E+00   0.00000000E+00
    359,    0.11533835E+01   0.10093779E+00   0.59501037E-03  -0.36709134E-02   0.15864775E-01  -0.10111577E+00  -0.50700635E-03  -0.20991265E-01   0.00000000E+00   0.00000000E+00   0.00000000E+00
    360,    0.11536188E+01   0.10158869E+00   0.60129801E-03  -0.35186218E-02   0.15845755E-01  -0.10176774E+00  -0.50832733E-03  -0.21070233E-01   0.00000000E+00   0.00000000E+00   0.00000000E+00
    361,    0.11538534E+01   0.10225254E+00   0.60745083E-03  -0.33678121E-02   0.15827042E-01  -0.10243693E+00  -0.51000257E-03  -0.21154917E-01   0.00000000E+00   0.00000000E+00   0.00000000E+00
    362,    0.11541104E+01   0.10293558E+00   0.61352341E-03  -0.32185913E-02   0.15808617E-01  -0.10312552E+00  -0.51103507E-03  -0.21247411E-01   0.00000000E+00   0.00000000E+00   0.00000000E+00
    363,    0.11543888E+01   0.10363742E+00   0.61970271E-03  -0.30710664E-02   0.15790459E-01  -0.10382862E+00  -0.51236536E-03  -0.21345788E-01   0.00000000E+00   0.00000000E+00   0.00000000E+00
    364,    0.11546667E+01   0.10435414E+00   0.62558451E-03  -0.29253448E-02   0.15772551E-01  -0.10454661E+00  -0.51306059E-03  -0.21452275E-01   0.00000000E+00   0.00000000E+00   0.00000000E+00
    365,    0.11549870E+01   0.10508616E+00   0.63173897E-03  -0.27815340E-02   0.15754873E-01  -0.10527990E+00  -0.51406301E-03  -0.21564596E-01   0.00000000E+00   0.00000000E+00   0.00000000E+00
    366,    0.11553098E+01   0.10583386E+00   0.63745246E-03  -0.26388258E-02   0.15737406E-01  -0.10602889E+00  -0.51436953E-03  -0.21685528E-01   0.00000000E+00   0.00000000E+00   0.00000000E+00
    367,    0.11556560E+01   0.10659763E+00   0.64352561E-03  -0.24976912E-02   0.15720131E-01  -0.10679396E+00  -0.51505922E-03  -0.21812437E-01   0.00000000E+00   0.00000000E+00   0.00000000E+00
    368,    0.11560238E+01   0.10737894E+00   0.64909094E-03  -0.23587835E-02   0.15703029E-01  -0.10758612E+00  -0.51502304E-03  -0.21947843E-01   0.00000000E+00   0.00000000E+00   0.00000000E+00
    369,    0.11564028E+01   0.10819114E+00   0.65502080E-03  -0.22222127E-02   0.15686082E-01  -0.10839981E+00  -0.51531257E-03  -0.22089875E-01   0.00000000E+00   0.00000000E+00   0.00000000E+00
    370,    0.11568157E+01   0.10902184E+00   0.66045519E-03  -0.20880882E-02   0.15669271E-01  -0.10923201E+00  -0.51500529E-03  -0.22239866E-01   0.00000000E+00   0.00000000E+00   0.00000000E+00
    371,    0.11572336E+01   0.10987142E+00   0.66617381E-03  -0.19565194E-02   0.15652576E-01  -0.11008311E+00  -0.51477600E-03  -0.22397417E-01   0.00000000E+00   0.00000000E+00   0.00000000E+00
    372,    0.11576915E+01   0.11074024E+00   0.67149090E-03  -0.18274324E-02   0.15635979E-01  -0.11095345E+00  -0.51420601E-03  -0.22562199E-01   0.00000000E+00   0.00000000E+00   0.00000000E+00
    373,    0.11581533E+01   0.11162860E+00   0.67692393E-03  -0.16995535E-02   0.15619462E-01  -0.11185123E+00  -0.51339628E-03  -0.22735660E-01   0.00000000E+00   0.00000000E+00   0.00000000E+00
    374,    0.11586558E+01   0.11255463E+00   0.68213316E-03  -0.15734209E-02   0.15603005E-01  -0.11278136E+00  -0.51256906E-03  -0.22915903E-01   0.00000000E+00   0.00000000E+00   0.00000000E+00
    375,    0.11591658E+01   0.11350491E+00   0.68719931E-03  -0.14493594E-02   0.15586592E-01  -0.11373336E+00  -0.51114800E-03  -0.23105180E-01   0.00000000E+00   0.00000000E+00   0.00000000E+00
    376,    0.11597121E+01   0.11447729E+00   0.69230519E-03  -0.13283739E-02   0.15570204E-01  -0.11470746E+00  -0.51003135E-03  -0.23301839E-01   0.00000000E+00   0.00000000E+00   0.00000000E+00
    377,    0.11602735E+01   0.11547191E+00   0.69691576E-03  -0.12105755E-02   0.15553822E-01  -0.11570507E+00  -0.50837539E-03  -0.23506374E-01   0.00000000E+00   0.00000000E+00   0.00000000E+00
    378,    0.11608627E+01   0.11650463E+00   0.70191714E-03  -0.10960412E-02   0.15537429E-01  -0.11674931E+00  -0.50771423E-03  -0.23719719E-01   0.00000000E+00   0.00000000E+00   0.00000000E+00
    379,    0.11614779E+01   0.11757154E+00   0.70624143E-03  -0.98328669E-03   0.15521007E-01  -0.11781812E+00  -0.51509313E-03  -0.23940263E-01   0.00000000E+00   0.00000000E+00   0.00000000E+00
    380,    0.11621083E+01   0.11866297E+00   0.71086474E-03  -0.87406989E-03   0.15504539E-01  -0.11891143E+00  -0.52227406E-03  -0.24169868E-01   0.00000000E+00   0.00000000E+00   0.00000000E+00
    381,    0.11627786E+01   0.11977907E+00   0.71509888E-03  -0.76849927E-03   0.15488008E-01  -0.12004095E+00  -0.52967405E-03  -0.24407425E-01   0.00000000E+00   0.00000000E+00   0.00000000E+00
    382,    0.11634656E+01   0.12095119E+00   0.71902801E-03  -0.66668060E-03   0.15471396E-01  -0.12121512E+00  -0.53681640E-03  -0.24652498E-01   0.00000000E+00   0.00000000E+00   0.00000000E+00
    383,    0.11641741E+01   0.12214964E+00   0.72315337E-03  -0.56871658E-03   0.15454687E-01  -0.12241557E+00  -0.54425226E-03  -0.24907172E-01   0.00000000E+00   0.00000000E+00   0.00000000E+00
    384,    0.11649175E+01   0.12337382E+00   0.72669142E-03  -0.47426400E-03   0.15437865E-01  -0.12365010E+00  -0.55128952E-03  -0.25169241E-01   0.00000000E+00   0.00000000E+00   0.00000000E+00
    385,    0.11656807E+01   0.12465739E+00   0.73025938E-03  -0.38269206E-03   0.15420912E-01  -0.12493949E+00  -0.55877097E-03  -0.25439482E-01   0.00000000E+00   0.00000000E+00   0.00000000E+00
    386,    0.11664649E+01   0.12597188E+00   0.73367198E-03  -0.29531798E-03   0.15403814E-01  -0.12625604E+00  -0.56568152E-03  -0.25718654E-01   0.00000000E+00   0.00000000E+00   0.00000000E+00
    387,    0.11672777E+01   0.12731920E+00   0.73655178E-03  -0.21223442E-03   0.15386554E-01  -0.12761798E+00  -0.57315983E-03  -0.26005165E-01   0.00000000E+00   0.00000000E+00   0.00000000E+00
    388,    0.11681159E+01   0.12872953E+00   0.73949806E-03  -0.13352899E-03   0.15369117E-01  -0.12903043E+00  -0.58014516E-03  -0.26300233E-01   0.00000000E+00   0.00000000E+00   0.00000000E+00
    389,    0.11689748E+01   0.13016659E+00   0.74221267E-03  -0.59283866E-04   0.15351488E-01  -0.13046949E+00  -0.58733358E-03  -0.26603515E-01   0.00000000E+00   0.00000000E+00   0.00000000E+00
    390,    0.11698544E+01   0.13166346E+00   0.74443350E-03   0.11108313E-04   0.15333624E-01  -0.13198149E+00  -0.59438758E-03  -0.26913872E-01   0.00000000E+00   0.00000000E+00   0.00000000E+00
    391,    0.11707546E+01   0.13320122E+00   0.74646619E-03   0.77615471E-04   0.15315521E-01  -0.13352124E+00  -0.60246828E-03  -0.27232990E-01   0.00000000E+00   0.00000000E+00   0.00000000E+00
    392,    0.11716796E+01   0.13478949E+00   0.74845619E-03   0.13936252E-03   0.15297185E-01  -0.13512495E+00  -0.61044628E-03  -0.27559354E-01   0.00000000E+00   0.00000000E+00   0.00000000E+00
    393,    0.11726239E+01   0.13643106E+00   0.74997429E-03   0.19628720E-03   0.15278602E-01  -0.13676842E+00  -0.61835203E-03  -0.27892486E-01   0.00000000E+00   0.00000000E+00   0.00000000E+00
    394,    0.11735854E+01   0.13812188E+00   0.75104699E-03   0.24833467E-03   0.15259760E-01  -0.13847492E+00  -0.62644218E-03  -0.28234076E-01   0.00000000E+00   0.00000000E+00   0.00000000E+00
    395,    0.11745698E+01   0.13987490E+00   0.75196054E-03   0.29545773E-03   0.15240645E-01  -0.14022359E+00  -0.63399152E-03  -0.28581647E-01   0.00000000E+00   0.00000000E+00   0.00000000E+00
    396,    0.11755715E+01   0.14169450E+00   0.75268529E-03   0.33761707E-03   0.15221246E-01  -0.14204307E+00  -0.64199595E-03  -0.28936311E-01   0.00000000E+00   0.00000000E+00   0.00000000E+00
    397,    0.11765868E+01   0.14355431E+00   0.75296007E-03   0.37567781E-03   0.15201551E-01  -0.14389804E+00  -0.64964531E-03  -0.29297367E-01   0.00000000E+00   0.00000000E+00   0.00000000E+00
    398,    0.11776141E+01   0.14549667E+00   0.75279976E-03   0.40873279E-03   0.15181547E-01  -0.14583779E+00  -0.65693807E-03  -0.29663893E-01   0.00000000E+00   0.00000000E+00   0.00000000E+00
    399,    0.11786519E+01   0.14748129E+00   0.75221559E-03   0.43663558E-03   0.15161202E-01  -0.14782077E+00  -0.66464069E-03  -0.30036956E-01   0.00000000E+00   0.00000000E+00   0.00000000E+00
    400,    0.11797027E+01   0.14953131E+00   0.75126044E-03   0.45937765E-03   0.15140259E-01  -0.14986325E+00  -0.67185994E-03  -0.30414207E-01   0.00000000E+00   0.00000000E+00   0.00000000E+00
    401,    0.11807608E+01   0.15165094E+00   0.75011027E-03   0.47695953E-03   0.15118977E-01  -0.15198038E+00  -0.67877114E-03  -0.30797508E-01   0.00000000E+00   0.00000000E+00   0.00000000E+00
    402,    0.11818244E+01   0.15382214E+00   0.74849597E-03   0.48939079E-03   0.15097346E-01  -0.15414900E+00  -0.68598045E-03  -0.31184188E-01   0.00000000E+00   0.00000000E+00   0.00000000E+00
    403,    0.11828922E+01   0.15605554E+00   0.74641711E-03   0.49669001E-03   0.15075358E-01  -0.15637436E+00  -0.69273166E-03  -0.31575681E-01   0.00000000E+00   0.00000000E+00   0.00000000E+00
    404,    0.11839624E+01   0.15836839E+00   0.74386983E-03   0.49888472E-03   0.15053005E-01  -0.15868372E+00  -0.69905027E-03  -0.31970363E-01   0.00000000E+00   0.00000000E+00   0.00000000E+00
    405,    0.11850338E+01   0.16073897E+00   0.74084690E-03   0.49601129E-03   0.15030281E-01  -0.16105026E+00  -0.70556314E-03  -0.32368353E-01   0.00000000E+00   0.00000000E+00   0.00000000E+00
    406,    0.11861049E+01   0.16316969E+00   0.73733779E-03   0.48811485E-03   0.15007176E-01  -0.16347642E+00  -0.71175078E-03  -0.32769459E-01   0.00000000E+00   0.00000000E+00   0.00000000E+00
    407,    0.11871784E+01   0.16566243E+00   0.73332886E-03   0.47524911E-03   0.14983687E-01  -0.16596410E+00  -0.71750206E-03  -0.33172150E-01   0.00000000E+00   0.00000000E+00   0.00000000E+00
    408,    0.11882495E+01   0.16822119E+00   0.72880349E-03   0.45747628E-03   0.14959806E-01  -0.16851464E+00  -0.72283111E-03  -0.33577172E-01   0.00000000E+00   0.00000000E+00   0.00000000E+00
    409,    0.11893166E+01   0.17085309E+00   0.72374224E-03   0.43486688E-03   0.14935529E-01  -0.17113969E+00  -0.72824076E-03  -0.33984266E-01   0.00000000E+00   0.00000000E+00   0.00000000E+00
    410,    0.11903790E+01   0.17354574E+00   0.71812306E-03   0.40749959E-03   0.14910850E-01  -0.17382623E+00  -0.73324011E-03  -0.34392177E-01   0.00000000E+00   0.00000000E+00   0.00000000E+00
    411,    0.11914358E+01   0.17629867E+00   0.71192156E-03   0.37546112E-03   0.14885767E-01  -0.17657269E+00  -0.73777825E-03  -0.34800724E-01   0.00000000E+00   0.00000000E+00   0.00000000E+00
    412,    0.11924863E+01   0.17911071E+00   0.70511123E-03   0.33884606E-03   0.14860276E-01  -0.17937799E+00  -0.74185534E-03  -0.35209744E-01   0.00000000E+00   0.00000000E+00   0.00000000E+00
    413,    0.11935299E+01   0.18197998E+00   0.69766379E-03   0.29775669E-03   0.14834373E-01  -0.18224030E+00  -0.74546740E-03  -0.35620118E-01   0.00000000E+00   0.00000000E+00   0.00000000E+00
    414,    0.11945664E+01   0.18490391E+00   0.68969197E-03   0.25230289E-03   0.14808057E-01  -0.18515712E+00  -0.74882047E-03  -0.36030764E-01   0.00000000E+00   0.00000000E+00   0.00000000E+00
    415,    0.11955954E+01   0.18787921E+00   0.68113132E-03   0.20335177E-03   0.14781327E-01  -0.18812524E+00  -0.75175188E-03  -0.36441418E-01   0.00000000E+00   0.00000000E+00   0.00000000E+00
    416,    0.11966167E+01   0.19090187E+00   0.67186187E-03   0.15062964E-03   0.14754181E-01  -0.19114221E+00  -0.75413174E-03  -0.36852029E-01   0.00000000E+00   0.00000000E+00   0.00000000E+00
    417,    0.11976305E+01   0.19396721E+00   0.66185006E-03   0.94361117E-04   0.14726620E-01  -0.19421895E+00  -0.75594147E-03  -0.37262585E-01   0.00000000E+00   0.00000000E+00   0.00000000E+00
    418,    0.11986367E+01   0.19707899E+00   0.65114353E-03   0.34317898E-04   0.14698643E-01  -0.19733987E+00  -0.75715849E-03  -0.37673109E-01   0.00000000E+00   0.00000000E+00   0.00000000E+00
    419,    0.11996356E+01   0.20022659E+00   0.64181688E-03  -0.28854696E-04   0.14670252E-01  -0.20049388E+00  -0.75775632E-03  -0.38083668E-01   0.00000000E+00   0.00000000E+00   0.00000000E+00
    420,    0.12006275E+01   0.20340033E+00   0.63187655E-03  -0.94677709E-04   0.14641449E-01  -0.20367414E+00  -0.75770477E-03  -0.38494371E-01   0.00000000E+00   0.00000000E+00   0.00000000E+00
    421,    0.12016130E+01   0.20659280E+00   0.62130525E-03  -0.16379294E-03   0.14612235E-01  -0.20687326E+00  -0.75697023E-03  -0.38905375E-01   0.00000000E+00   0.00000000E+00   0.00000000E+00
    422,    0.12025924E+01   0.20979606E+00   0.60985768E-03  -0.23590254E-03   0.14582615E-01  -0.21008334E+00  -0.75551595E-03  -0.39316885E-01   0.00000000E+00   0.00000000E+00   0.00000000E+00
    423,    0.12035664E+01   0.21300174E+00   0.60896109E-03  -0.30967549E-03   0.14552590E-01  -0.21330418E+00  -0.75330243E-03  -0.39729157E-01   0.00000000E+00   0.00000000E+00   0.00000000E+00
    424,    0.12045357E+01   0.21621832E+00   0.60856969E-03  -0.38623542E-03   0.14522167E-01  -0.21653026E+00  -0.75028790E-03  -0.40142497E-01   0.00000000E+00   0.00000000E+00   0.00000000E+00
    425,    0.12055011E+01   0.21942165E+00   0.60766008E-03  -0.46512526E-03   0.14491349E-01  -0.21974127E+00  -0.74642876E-03  -0.40557269E-01   0.00000000E+00   0.00000000E+00   0.00000000E+00
    426,    0.12064632E+01   0.22260028E+00   0.60623441E-03  -0.54517639E-03   0.14460142E-01  -0.22292762E+00  -0.74168020E-03  -0.40973885E-01   0.00000000E+00   0.00000000E+00   0.00000000E+00
    427,    0.12074231E+01   0.22574444E+00   0.60437040E-03  -0.62685598E-03   0.14428552E-01  -0.22607952E+00  -0.73599678E-03  -0.41392886E-01   0.00000000E+00   0.00000000E+00   0.00000000E+00
    428,    0.12083815E+01   0.22885197E+00   0.60258120E-03  -0.70990635E-03   0.14396587E-01  -0.22920467E+00  -0.72933312E-03  -0.41814887E-01   0.00000000E+00   0.00000000E+00   0.00000000E+00
    429,    0.12093395E+01   0.23191669E+00   0.60182529E-03  -0.79408747E-03   0.14364253E-01  -0.23227687E+00  -0.72164460E-03  -0.42240359E-01   0.00000000E+00   0.00000000E+00   0.00000000E+00
    430,    0.12103020E+01   0.23491680E+00   0.60065499E-03  -0.87998352E-03   0.14331558E-01  -0.23528441E+00  -0.71288815E-03  -0.42669904E-01   0.00000000E+00   0.00000000E+00   0.00000000E+00
    431,    0.12112682E+01   0.23784242E+00   0.59922303E-03  -0.96631460E-03   0.14298512E-01  -0.23821738E+00  -0.70590113E-03  -0.43104307E-01   0.00000000E+00   0.00000000E+00   0.00000000E+00
    432,    0.12122404E+01   0.24068388E+00   0.59732173E-03  -0.10536758E-02   0.14265124E-01  -0.24106952E+00  -0.69898696E-03  -0.43544351E-01   0.00000000E+00   0.00000000E+00   0.00000000E+00
    433,    0.12132173E+01   0.24344228E+00   0.59495478E-03  -0.11421766E-02   0.14231403E-01  -0.24384017E+00  -0.69111151E-03  -0.43990890E-01   0.00000000E+00   0.00000000E+00   0.00000000E+00
    434,    0.12141995E+01   0.24610248E+00   0.59212341E-03  -0.12303575E-02   0.14197360E-01  -0.24650697E+00  -0.68224119E-03  -0.44444594E-01   0.00000000E+00   0.00000000E+00   0.00000000E+00
    435,    0.12151880E+01   0.24865055E+00   0.58882652E-03  -0.13191425E-02   0.14163006E-01  -0.24906109E+00  -0.67234569E-03  -0.44906329E-01   0.00000000E+00   0.00000000E+00   0.00000000E+00
    436,    0.12161890E+01   0.25108288E+00   0.58516412E-03  -0.14078887E-02   0.14128353E-01  -0.25149420E+00  -0.66139873E-03  -0.45377002E-01   0.00000000E+00   0.00000000E+00   0.00000000E+00
    437,    0.12172008E+01   0.25338689E+00   0.58101311E-03  -0.14960302E-02   0.14093413E-01  -0.25379847E+00  -0.64937877E-03  -0.45857546E-01   0.00000000E+00   0.00000000E+00   0.00000000E+00
    438,    0.12182224E+01   0.25555531E+00   0.57636386E-03  -0.15844379E-02   0.14058200E-01  -0.25596663E+00  -0.64740391E-03  -0.46348924E-01   0.00000000E+00   0.00000000E+00   0.00000000E+00
    439,    0.12192551E+01   0.25758147E+00   0.57121144E-03  -0.16729174E-02   0.14022725E-01  -0.25799426E+00  -0.64611667E-03  -0.46852118E-01   0.00000000E+00   0.00000000E+00   0.00000000E+00
    440,    0.12202999E+01   0.25945932E+00   0.56554982E-03  -0.17604244E-02   0.13987005E-01  -0.25987696E+00  -0.64378355E-03  -0.47368127E-01   0.00000000E+00   0.00000000E+00   0.00000000E+00
    441,    0.12213582E+01   0.26118586E+00   0.55937219E-03  -0.18475516E-02   0.13951052E-01  -0.26160502E+00  -0.64035923E-03  -0.47898396E-01   0.00000000E+00   0.00000000E+00   0.00000000E+00
    442,    0.12224384E+01   0.26275469E+00   0.55267129E-03  -0.19342302E-02   0.13914883E-01  -0.26317377E+00  -0.63580378E-03  -0.48445259E-01   0.00000000E+00   0.00000000E+00   0.00000000E+00
    443,    0.12235417E+01   0.26415927E+00   0.55032791E-03  -0.20202675E-02   0.13878513E-01  -0.26457785E+00  -0.63008329E-03  -0.49008452E-01   0.00000000E+00   0.00000000E+00   0.00000000E+00
    444,    0.12246627E+01   0.26539615E+00   0.55319537E-03  -0.21048931E-02   0.13841959E-01  -0.26581382E+00  -0.62317040E-03  -0.49588781E-01   0.00000000E+00   0.00000000E+00   0.00000000E+00
    445,    0.12258052E+01   0.26646253E+00   0.55598719E-03  -0.21884876E-02   0.13805237E-01  -0.26687889E+00  -0.61504484E-03  -0.50187464E-01   0.00000000E+00   0.00000000E+00   0.00000000E+00
    446,    0.12269714E+01   0.26735629E+00   0.55870338E-03  -0.22709540E-02   0.13768365E-01  -0.26777093E+00  -0.60569378E-03  -0.50808322E-01   0.00000000E+00   0.00000000E+00   0.00000000E+00
    447,    0.12281662E+01   0.26808089E+00   0.56134411E-03  -0.23521060E-02   0.13731361E-01  -0.26848846E+00  -0.59698853E-03  -0.51449610E-01   0.00000000E+00   0.00000000E+00   0.00000000E+00
    448,    0.12293857E+01   0.26863319E+00   0.56390970E-03  -0.24282882E-02   0.13694243E-01  -0.26903695E+00  -0.60816586E-03  -0.52112889E-01   0.00000000E+00   0.00000000E+00   0.00000000E+00
    449,    0.12306307E+01   0.26901216E+00   0.56729158E-03  -0.25020708E-02   0.13657030E-01  -0.26942254E+00  -0.61918348E-03  -0.52802122E-01   0.00000000E+00   0.00000000E+00   0.00000000E+00
    450,    0.12319027E+01   0.26923237E+00   0.57914928E-03  -0.25740309E-02   0.13619743E-01  -0.26965071E+00  -0.63003559E-03  -0.53514932E-01   0.00000000E+00   0.00000000E+00   0.00000000E+00
    451,    0.12332036E+01   0.26929429E+00   0.59058641E-03  -0.26439897E-02   0.13582400E-01  -0.26970778E+00  -0.64071653E-03  -0.54256535E-01   0.00000000E+00   0.00000000E+00   0.00000000E+00
    452,    0.12345352E+01   0.26918428E+00   0.60208126E-03  -0.27117697E-02   0.13545023E-01  -0.26959303E+00  -0.65122076E-03  -0.55024404E-01   0.00000000E+00   0.00000000E+00   0.00000000E+00
    453,    0.12359044E+01   0.26890584E+00   0.61348650E-03  -0.27771950E-02   0.13507634E-01  -0.26930818E+00  -0.66154289E-03  -0.55824418E-01   0.00000000E+00   0.00000000E+00   0.00000000E+00
    454,    0.12373136E+01   0.26847698E+00   0.62450464E-03  -0.28400917E-02   0.13470253E-01  -0.26887108E+00  -0.67167765E-03  -0.56654470E-01   0.00000000E+00   0.00000000E+00   0.00000000E+00
    455,    0.12387599E+01   0.26788450E+00   0.63582480E-03  -0.29002875E-02   0.13432904E-01  -0.26827427E+00  -0.68161996E-03  -0.57516996E-01   0.00000000E+00   0.00000000E+00   0.00000000E+00
    456,    0.12402454E+01   0.26713130E+00   0.64669049E-03  -0.29567704E-02   0.13395609E-01  -0.26751676E+00  -0.69136488E-03  -0.58415696E-01   0.00000000E+00   0.00000000E+00   0.00000000E+00
    457,    0.12417722E+01   0.26622940E+00   0.65754530E-03  -0.30099330E-02   0.13358391E-01  -0.26660239E+00  -0.70090761E-03  -0.59351170E-01   0.00000000E+00   0.00000000E+00   0.00000000E+00
    458,    0.12433513E+01   0.26519892E+00   0.66825482E-03  -0.30597100E-02   0.13321274E-01  -0.26556048E+00  -0.71024353E-03  -0.60326169E-01   0.00000000E+00   0.00000000E+00   0.00000000E+00
    459,    0.12449813E+01   0.26401964E+00   0.67858639E-03  -0.31046929E-02   0.13284284E-01  -0.26436997E+00  -0.71968652E-03  -0.61343103E-01   0.00000000E+00   0.00000000E+00   0.00000000E+00
    460,    0.12466598E+01   0.26270336E+00   0.68908804E-03  -0.31456062E-02   0.13247445E-01  -0.26303792E+00  -0.72893962E-03  -0.62403457E-01   0.00000000E+00   0.00000000E+00   0.00000000E+00
    461,    0.12483893E+01   0.26127080E+00   0.69911377E-03  -0.31813514E-02   0.13210783E-01  -0.26159900E+00  -0.73798000E-03  -0.63509018E-01   0.00000000E+00   0.00000000E+00   0.00000000E+00
    462,    0.12501886E+01   0.25970329E+00   0.70912542E-03  -0.32118762E-02   0.13174323E-01  -0.26003452E+00  -0.74680336E-03  -0.64661537E-01   0.00000000E+00   0.00000000E+00   0.00000000E+00
    463,    0.12520437E+01   0.25803201E+00   0.71888075E-03  -0.32361935E-02   0.13138094E-01  -0.25835475E+00  -0.75540551E-03  -0.65865353E-01   0.00000000E+00   0.00000000E+00   0.00000000E+00
    464,    0.12539603E+01   0.25624518E+00   0.72830015E-03  -0.32547096E-02   0.13102075E-01  -0.25657250E+00  -0.76378237E-03  -0.67122705E-01   0.00000000E+00   0.00000000E+00   0.00000000E+00
    465,    0.12559538E+01   0.25435904E+00   0.73773924E-03  -0.32652704E-02   0.13066285E-01  -0.25467945E+00  -0.77192996E-03  -0.68438339E-01   0.00000000E+00   0.00000000E+00   0.00000000E+00
    466,    0.12580098E+01   0.25237694E+00   0.74669796E-03  -0.32688238E-02   0.13030808E-01  -0.25270305E+00  -0.78182775E-03  -0.69817581E-01   0.00000000E+00   0.00000000E+00   0.00000000E+00
    467,    0.12601507E+01   0.25030726E+00   0.75562547E-03  -0.32643950E-02   0.12995674E-01  -0.25062772E+00  -0.79220122E-03  -0.71269669E-01   0.00000000E+00   0.00000000E+00   0.00000000E+00
    468,    0.12623616E+01   0.24815356E+00   0.76422075E-03  -0.32503686E-02   0.12960911E-01  -0.24848031E+00  -0.80239198E-03  -0.72812708E-01   0.00000000E+00   0.00000000E+00   0.00000000E+00
    469,    0.12646643E+01   0.24593068E+00   0.77247842E-03  -0.32273660E-02   0.12926316E-01  -0.24625264E+00  -0.81287966E-03  -0.74431765E-01   0.00000000E+00   0.00000000E+00   0.00000000E+00
    470,    0.12670489E+01   0.24362830E+00   0.78067544E-03  -0.31947891E-02   0.12891989E-01  -0.24395663E+00  -0.82317681E-03  -0.76096262E-01   0.00000000E+00   0.00000000E+00   0.00000000E+00
    471,    0.12695274E+01   0.24128121E+00   0.78840955E-03  -0.31502029E-02   0.12858114E-01  -0.24160518E+00  -0.83327866E-03  -0.77804295E-01   0.00000000E+00   0.00000000E+00   0.00000000E+00
    472,    0.12720976E+01   0.23886796E+00   0.79601184E-03  -0.30945398E-02   0.12824723E-01  -0.23918782E+00  -0.84318043E-03  -0.79555332E-01   0.00000000E+00   0.00000000E+00   0.00000000E+00
    473,    0.12747558E+01   0.23640808E+00   0.80332361E-03  -0.30264423E-02   0.12791851E-01  -0.23673362E+00  -0.85287726E-03  -0.81349584E-01   0.00000000E+00   0.00000000E+00   0.00000000E+00
    474,    0.12775114E+01   0.23391264E+00   0.81020510E-03  -0.29451726E-02   0.12759529E-01  -0.23423387E+00  -0.86236424E-03  -0.83187245E-01   0.00000000E+00   0.00000000E+00   0.00000000E+00
    475,    0.12803551E+01   0.23137380E+00   0.81706031E-03  -0.28491207E-02   0.12727793E-01  -0.23169529E+00  -0.87163638E-03  -0.85068499E-01   0.00000000E+00   0.00000000E+00   0.00000000E+00
    476,    0.12832766E+01   0.22880414E+00   0.82351375E-03  -0.27394436E-02   0.12696677E-01  -0.22914329E+00  -0.88068860E-03  -0.86993518E-01   0.00000000E+00   0.00000000E+00   0.00000000E+00
    477,    0.12862769E+01   0.22622034E+00   0.82959872E-03  -0.26156600E-02   0.12666216E-01  -0.22656218E+00  -0.88951570E-03  -0.88962468E-01   0.00000000E+00   0.00000000E+00   0.00000000E+00
    478,    0.12893370E+01   0.22361310E+00   0.83562002E-03  -0.24742063E-02   0.12636446E-01  -0.22396016E+00  -0.89811231E-03  -0.90975512E-01   0.00000000E+00   0.00000000E+00   0.00000000E+00
    479,    0.12924444E+01   0.22098908E+00   0.84127514E-03  -0.23159171E-02   0.12607405E-01  -0.22135791E+00  -0.90647293E-03  -0.93032810E-01   0.00000000E+00   0.00000000E+00   0.00000000E+00
    480,    0.12955899E+01   0.21835562E+00   0.84660072E-03  -0.21383237E-02   0.12579129E-01  -0.21874451E+00  -0.91467461E-03  -0.95134526E-01   0.00000000E+00   0.00000000E+00   0.00000000E+00
    481,    0.12987625E+01   0.21572916E+00   0.85178505E-03  -0.19424114E-02   0.12551657E-01  -0.21612591E+00  -0.92305033E-03  -0.97280832E-01   0.00000000E+00   0.00000000E+00   0.00000000E+00
    482,    0.13019489E+01   0.21310195E+00   0.85673966E-03  -0.17266672E-02   0.12525027E-01  -0.21350770E+00  -0.93117279E-03  -0.99471906E-01   0.00000000E+00   0.00000000E+00   0.00000000E+00
    483,    0.13051446E+01   0.21047923E+00   0.86143511E-03  -0.14931583E-02   0.12499279E-01  -0.21089580E+00  -0.93903439E-03  -0.10170795E+00   0.00000000E+00   0.00000000E+00   0.00000000E+00
    484,    0.13083551E+01   0.20786600E+00   0.86591462E-03  -0.12379107E-02   0.12474451E-01  -0.20830268E+00  -0.94662710E-03  -0.10398919E+00   0.00000000E+00   0.00000000E+00   0.00000000E+00
    485,    0.13115425E+01   0.20526829E+00   0.87022301E-03  -0.96225978E-03   0.12450584E-01  -0.20572303E+00  -0.95394242E-03  -0.10631605E+00   0.00000000E+00   0.00000000E+00   0.00000000E+00
    486,    0.13147499E+01   0.20268858E+00   0.87440667E-03  -0.66626076E-03   0.12427718E-01  -0.20316108E+00  -0.96097133E-03  -0.10868861E+00   0.00000000E+00   0.00000000E+00   0.00000000E+00
    487,    0.13179196E+01   0.20013072E+00   0.87851345E-03  -0.34577057E-03   0.12405895E-01  -0.20062076E+00  -0.96770418E-03  -0.11110717E+00   0.00000000E+00   0.00000000E+00   0.00000000E+00
    488,    0.13211000E+01   0.19759858E+00   0.88259257E-03  -0.56812012E-05   0.12385155E-01  -0.19810566E+00  -0.97413065E-03  -0.11357209E+00   0.00000000E+00   0.00000000E+00   0.00000000E+00
    489,    0.13242491E+01   0.19509704E+00   0.88669458E-03   0.36191518E-03   0.12365539E-01  -0.19561906E+00  -0.98023961E-03  -0.11608375E+00   0.00000000E+00   0.00000000E+00   0.00000000E+00
    490,    0.13273694E+01   0.19262599E+00   0.89093655E-03   0.74990823E-03   0.12347086E-01  -0.19316395E+00  -0.98601905E-03  -0.11864269E+00   0.00000000E+00   0.00000000E+00   0.00000000E+00
    491,    0.13304930E+01   0.19018814E+00   0.89569307E-03   0.11662427E-02   0.12329838E-01  -0.19074306E+00  -0.99145596E-03  -0.12124985E+00   0.00000000E+00   0.00000000E+00   0.00000000E+00
    492,    0.13335768E+01   0.18778595E+00   0.90389298E-03   0.16041502E-02   0.12313832E-01  -0.18835880E+00  -0.99653617E-03  -0.12390538E+00   0.00000000E+00   0.00000000E+00   0.00000000E+00
    493,    0.13366208E+01   0.18542164E+00   0.91425684E-03   0.20723912E-02   0.12299103E-01  -0.18601338E+00  -0.10013936E-02  -0.12660997E+00   0.00000000E+00   0.00000000E+00   0.00000000E+00
    494,    0.13396662E+01   0.18309715E+00   0.92573660E-03   0.25628750E-02   0.12285684E-01  -0.18370874E+00  -0.10061258E-02  -0.12936447E+00   0.00000000E+00   0.00000000E+00   0.00000000E+00
    495,    0.13426792E+01   0.18081604E+00   0.93826088E-03   0.30851490E-02   0.12273600E-01  -0.18144659E+00  -0.10104402E-02  -0.13216985E+00   0.00000000E+00   0.00000000E+00   0.00000000E+00
    496,    0.13456522E+01   0.17857932E+00   0.95152958E-03   0.36322905E-02   0.12262869E-01  -0.17922845E+00  -0.10143152E-02  -0.13502725E+00   0.00000000E+00   0.00000000E+00   0.00000000E+00
    497,    0.13485853E+01   0.17638748E+00   0.96566113E-03   0.42087684E-02   0.12253492E-01  -0.17705561E+00  -0.10177275E-02  -0.13793804E+00   0.00000000E+00   0.00000000E+00   0.00000000E+00
    498,    0.13515044E+01   0.17424159E+00   0.98034375E-03   0.48156951E-02   0.12245451E-01  -0.17492919E+00  -0.10242058E-02  -0.14090381E+00   0.00000000E+00   0.00000000E+00   0.00000000E+00
    499,    0.13544030E+01   0.17214265E+00   0.99575628E-03   0.54488240E-02   0.12238693E-01  -0.17285014E+00  -0.10318669E-02  -0.14392648E+00   0.00000000E+00   0.00000000E+00   0.00000000E+00
    500,    0.13572624E+01   0.17009366E+00   0.10116775E-02   0.61164989E-02   0.12233115E-01  -0.17081923E+00  -0.10393171E-02  -0.14700830E+00   0.00000000E+00   0.00000000E+00   0.00000000E+00
    501,    0.13600834E+01   0.16809322E+00   0.10276079E-02   0.68141443E-02   0.12228544E-01  -0.16883717E+00  -0.10465563E-02  -0.15015202E+00   0.00000000E+00   0.00000000E+00   0.00000000E+00
    502,    0.13628668E+01   0.16613844E+00   0.10427800E-02   0.75417401E-02   0.12224710E-01  -0.16690076E+00  -0.10536008E-02  -0.15336090E+00   0.00000000E+00   0.00000000E+00   0.00000000E+00
    503,    0.13656282E+01   0.16441155E+00   0.10554795E-02   0.83046201E-02   0.12221236E-01  -0.16520082E+00  -0.10601609E-02  -0.15663891E+00   0.00000000E+00   0.00000000E+00   0.00000000E+00
    504,    0.13683986E+01   0.15309742E+00   0.10652109E-02   0.91109009E-02   0.12217707E-01  -0.15394112E+00  -0.10740456E-02  -0.15999070E+00   0.00000000E+00   0.00000000E+00   0.00000000E+00
